audit_id,sample_id,sample_type,split,source,valid_bin,valid_ratio,change_ratio,A_path,B_path,label_path,annotator_1_quality,annotator_2_quality,final_quality,error_type,notes
GFC10K-AUDIT-0001,000960,positive,test,gfc_2018_2020_expansion_boreal_canada_01,>=0.40,0.536789,0.962790,/Users/zhoujinghe/Documents/Codex/2026-04-30/new-chat/GFC_Forest_256_10k/A/000960.png,/Users/zhoujinghe/Documents/Codex/2026-04-30/new-chat/GFC_Forest_256_10k/B/000960.png,/Users/zhoujinghe/Documents/Codex/2026-04-30/new-chat/GFC_Forest_256_10k/label/000960.png,,,,,
GFC10K-AUDIT-0002,008152,positive,test,gfc_2018_2020_expansion_se_asia_borneo_03,>=0.40,0.712357,0.527643,/Users/zhoujinghe/Documents/Codex/2026-04-30/new-chat/GFC_Forest_256_10k/A/008152.png,/Users/zhoujinghe/Documents/Codex/2026-04-30/new-chat/GFC_Forest_256_10k/B/008152.png,/Users/zhoujinghe/Documents/Codex/2026-04-30/new-chat/GFC_Forest_256_10k/label/008152.png,,,,,
GFC10K-AUDIT-0003,005786,positive,test,gfc_2018_2020_expansion_se_asia_myanmar_01,0.05-0.10,0.055588,0.100192,/Users/zhoujinghe/Documents/Codex/2026-04-30/new-chat/GFC_Forest_256_10k/A/005786.png,/Users/zhoujinghe/Documents/Codex/2026-04-30/new-chat/GFC_Forest_256_10k/B/005786.png,/Users/zhoujinghe/Documents/Codex/2026-04-30/new-chat/GFC_Forest_256_10k/label/005786.png,,,,,
GFC10K-AUDIT-0004,007782,positive,val,gfc_2018_2020_expansion_boreal_siberia_01,0.05-0.10,0.070053,0.598562,/Users/zhoujinghe/Documents/Codex/2026-04-30/new-chat/GFC_Forest_256_10k/A/007782.png,/Users/zhoujinghe/Documents/Codex/2026-04-30/new-chat/GFC_Forest_256_10k/B/007782.png,/Users/zhoujinghe/Documents/Codex/2026-04-30/new-chat/GFC_Forest_256_10k/label/007782.png,,,,,
GFC10K-AUDIT-0005,005368,positive,val,gfc_2018_2020_borneo_02,0.20-0.40,0.382980,0.069126,/Users/zhoujinghe/Documents/Codex/2026-04-30/new-chat/GFC_Forest_256_10k/A/005368.png,/Users/zhoujinghe/Documents/Codex/2026-04-30/new-chat/GFC_Forest_256_10k/B/005368.png,/Users/zhoujinghe/Documents/Codex/2026-04-30/new-chat/GFC_Forest_256_10k/label/005368.png,,,,,
GFC10K-AUDIT-0006,005376,positive,test,gfc_2018_2020_expansion_andes_cloudforest_01,0.10-0.20,0.100357,0.054280,/Users/zhoujinghe/Documents/Codex/2026-04-30/new-chat/GFC_Forest_256_10k/A/005376.png,/Users/zhoujinghe/Documents/Codex/2026-04-30/new-chat/GFC_Forest_256_10k/B/005376.png,/Users/zhoujinghe/Documents/Codex/2026-04-30/new-chat/GFC_Forest_256_10k/label/005376.png,,,,,
GFC10K-AUDIT-0007,002186,positive,train,gfc_2018_2020_borneo_01,0.20-0.40,0.238586,0.357892,/Users/zhoujinghe/Documents/Codex/2026-04-30/new-chat/GFC_Forest_256_10k/A/002186.png,/Users/zhoujinghe/Documents/Codex/2026-04-30/new-chat/GFC_Forest_256_10k/B/002186.png,/Users/zhoujinghe/Documents/Codex/2026-04-30/new-chat/GFC_Forest_256_10k/label/002186.png,,,,,
GFC10K-AUDIT-0008,003415,positive,val,gfc_2018_2020_expansion_mexico_yucatan_01,0.10-0.20,0.101318,0.265211,/Users/zhoujinghe/Documents/Codex/2026-04-30/new-chat/GFC_Forest_256_10k/A/003415.png,/Users/zhoujinghe/Documents/Codex/2026-04-30/new-chat/GFC_Forest_256_10k/B/003415.png,/Users/zhoujinghe/Documents/Codex/2026-04-30/new-chat/GFC_Forest_256_10k/label/003415.png,,,,,
GFC10K-AUDIT-0009,006622,positive,val,gfc_2018_2020_borneo_01,0.05-0.10,0.051773,0.537872,/Users/zhoujinghe/Documents/Codex/2026-04-30/new-chat/GFC_Forest_256_10k/A/006622.png,/Users/zhoujinghe/Documents/Codex/2026-04-30/new-chat/GFC_Forest_256_10k/B/006622.png,/Users/zhoujinghe/Documents/Codex/2026-04-30/new-chat/GFC_Forest_256_10k/label/006622.png,,,,,
GFC10K-AUDIT-0010,001234,positive,val,gfc_2018_2020_expansion_amazon_venezuela_01,0.05-0.10,0.060211,0.346427,/Users/zhoujinghe/Documents/Codex/2026-04-30/new-chat/GFC_Forest_256_10k/A/001234.png,/Users/zhoujinghe/Documents/Codex/2026-04-30/new-chat/GFC_Forest_256_10k/B/001234.png,/Users/zhoujinghe/Documents/Codex/2026-04-30/new-chat/GFC_Forest_256_10k/label/001234.png,,,,,
GFC10K-AUDIT-0011,001585,positive,test,gfc_2018_2020_expansion_boreal_canada_01,0.10-0.20,0.152969,0.629426,/Users/zhoujinghe/Documents/Codex/2026-04-30/new-chat/GFC_Forest_256_10k/A/001585.png,/Users/zhoujinghe/Documents/Codex/2026-04-30/new-chat/GFC_Forest_256_10k/B/001585.png,/Users/zhoujinghe/Documents/Codex/2026-04-30/new-chat/GFC_Forest_256_10k/label/001585.png,,,,,
GFC10K-AUDIT-0012,001000,positive,train,gfc_2018_2020_expansion_central_america_01,0.10-0.20,0.150192,0.507569,/Users/zhoujinghe/Documents/Codex/2026-04-30/new-chat/GFC_Forest_256_10k/A/001000.png,/Users/zhoujinghe/Documents/Codex/2026-04-30/new-chat/GFC_Forest_256_10k/B/001000.png,/Users/zhoujinghe/Documents/Codex/2026-04-30/new-chat/GFC_Forest_256_10k/label/001000.png,,,,,
GFC10K-AUDIT-0013,000912,positive,val,gfc_2018_2020_amazon_02,0.20-0.40,0.263321,0.241004,/Users/zhoujinghe/Documents/Codex/2026-04-30/new-chat/GFC_Forest_256_10k/A/000912.png,/Users/zhoujinghe/Documents/Codex/2026-04-30/new-chat/GFC_Forest_256_10k/B/000912.png,/Users/zhoujinghe/Documents/Codex/2026-04-30/new-chat/GFC_Forest_256_10k/label/000912.png,,,,,
GFC10K-AUDIT-0014,001899,positive,train,gfc_2018_2020_expansion_central_america_01,0.20-0.40,0.265030,0.479820,/Users/zhoujinghe/Documents/Codex/2026-04-30/new-chat/GFC_Forest_256_10k/A/001899.png,/Users/zhoujinghe/Documents/Codex/2026-04-30/new-chat/GFC_Forest_256_10k/B/001899.png,/Users/zhoujinghe/Documents/Codex/2026-04-30/new-chat/GFC_Forest_256_10k/label/001899.png,,,,,
GFC10K-AUDIT-0015,006249,positive,train,gfc_2018_2020_expansion_congo_caf_01,0.10-0.20,0.145432,0.325150,/Users/zhoujinghe/Documents/Codex/2026-04-30/new-chat/GFC_Forest_256_10k/A/006249.png,/Users/zhoujinghe/Documents/Codex/2026-04-30/new-chat/GFC_Forest_256_10k/B/006249.png,/Users/zhoujinghe/Documents/Codex/2026-04-30/new-chat/GFC_Forest_256_10k/label/006249.png,,,,,
GFC10K-AUDIT-0016,000767,positive,val,gfc_2018_2020_expansion_congo_angola_01,0.20-0.40,0.213348,0.362609,/Users/zhoujinghe/Documents/Codex/2026-04-30/new-chat/GFC_Forest_256_10k/A/000767.png,/Users/zhoujinghe/Documents/Codex/2026-04-30/new-chat/GFC_Forest_256_10k/B/000767.png,/Users/zhoujinghe/Documents/Codex/2026-04-30/new-chat/GFC_Forest_256_10k/label/000767.png,,,,,
GFC10K-AUDIT-0017,002750,positive,test,gfc_2018_2020_borneo_02,0.05-0.10,0.092499,0.251402,/Users/zhoujinghe/Documents/Codex/2026-04-30/new-chat/GFC_Forest_256_10k/A/002750.png,/Users/zhoujinghe/Documents/Codex/2026-04-30/new-chat/GFC_Forest_256_10k/B/002750.png,/Users/zhoujinghe/Documents/Codex/2026-04-30/new-chat/GFC_Forest_256_10k/label/002750.png,,,,,
GFC10K-AUDIT-0018,002289,positive,val,gfc_2018_2020_expansion_se_asia_sumatra_02,0.05-0.10,0.065414,0.195241,/Users/zhoujinghe/Documents/Codex/2026-04-30/new-chat/GFC_Forest_256_10k/A/002289.png,/Users/zhoujinghe/Documents/Codex/2026-04-30/new-chat/GFC_Forest_256_10k/B/002289.png,/Users/zhoujinghe/Documents/Codex/2026-04-30/new-chat/GFC_Forest_256_10k/label/002289.png,,,,,
GFC10K-AUDIT-0019,002806,positive,val,gfc_2018_2020_expansion_amazon_colombia_01,0.05-0.10,0.081741,0.642710,/Users/zhoujinghe/Documents/Codex/2026-04-30/new-chat/GFC_Forest_256_10k/A/002806.png,/Users/zhoujinghe/Documents/Codex/2026-04-30/new-chat/GFC_Forest_256_10k/B/002806.png,/Users/zhoujinghe/Documents/Codex/2026-04-30/new-chat/GFC_Forest_256_10k/label/002806.png,,,,,
GFC10K-AUDIT-0020,007367,positive,test,gfc_2018_2020_expansion_madagascar_east_01,0.20-0.40,0.233078,0.350115,/Users/zhoujinghe/Documents/Codex/2026-04-30/new-chat/GFC_Forest_256_10k/A/007367.png,/Users/zhoujinghe/Documents/Codex/2026-04-30/new-chat/GFC_Forest_256_10k/B/007367.png,/Users/zhoujinghe/Documents/Codex/2026-04-30/new-chat/GFC_Forest_256_10k/label/007367.png,,,,,
GFC10K-AUDIT-0021,002208,positive,test,gfc_2018_2020_borneo_02,0.20-0.40,0.276489,0.198565,/Users/zhoujinghe/Documents/Codex/2026-04-30/new-chat/GFC_Forest_256_10k/A/002208.png,/Users/zhoujinghe/Documents/Codex/2026-04-30/new-chat/GFC_Forest_256_10k/B/002208.png,/Users/zhoujinghe/Documents/Codex/2026-04-30/new-chat/GFC_Forest_256_10k/label/002208.png,,,,,
GFC10K-AUDIT-0022,005652,positive,test,gfc_2018_2020_amazon_02,0.05-0.10,0.091766,0.160293,/Users/zhoujinghe/Documents/Codex/2026-04-30/new-chat/GFC_Forest_256_10k/A/005652.png,/Users/zhoujinghe/Documents/Codex/2026-04-30/new-chat/GFC_Forest_256_10k/B/005652.png,/Users/zhoujinghe/Documents/Codex/2026-04-30/new-chat/GFC_Forest_256_10k/label/005652.png,,,,,
GFC10K-AUDIT-0023,002190,positive,train,gfc_2018_2020_expansion_amazon_bolivia_01,0.10-0.20,0.130661,0.168049,/Users/zhoujinghe/Documents/Codex/2026-04-30/new-chat/GFC_Forest_256_10k/A/002190.png,/Users/zhoujinghe/Documents/Codex/2026-04-30/new-chat/GFC_Forest_256_10k/B/002190.png,/Users/zhoujinghe/Documents/Codex/2026-04-30/new-chat/GFC_Forest_256_10k/label/002190.png,,,,,
GFC10K-AUDIT-0024,002049,positive,train,gfc_2018_2020_amazon_01,>=0.40,0.557892,0.064302,/Users/zhoujinghe/Documents/Codex/2026-04-30/new-chat/GFC_Forest_256_10k/A/002049.png,/Users/zhoujinghe/Documents/Codex/2026-04-30/new-chat/GFC_Forest_256_10k/B/002049.png,/Users/zhoujinghe/Documents/Codex/2026-04-30/new-chat/GFC_Forest_256_10k/label/002049.png,,,,,
GFC10K-AUDIT-0025,009593,positive,test,gfc_2018_2020_expansion_boreal_siberia_01,0.05-0.10,0.070343,0.331020,/Users/zhoujinghe/Documents/Codex/2026-04-30/new-chat/GFC_Forest_256_10k/A/009593.png,/Users/zhoujinghe/Documents/Codex/2026-04-30/new-chat/GFC_Forest_256_10k/B/009593.png,/Users/zhoujinghe/Documents/Codex/2026-04-30/new-chat/GFC_Forest_256_10k/label/009593.png,,,,,
GFC10K-AUDIT-0026,006637,positive,train,gfc_2018_2020_expansion_se_asia_myanmar_01,0.20-0.40,0.210739,0.260445,/Users/zhoujinghe/Documents/Codex/2026-04-30/new-chat/GFC_Forest_256_10k/A/006637.png,/Users/zhoujinghe/Documents/Codex/2026-04-30/new-chat/GFC_Forest_256_10k/B/006637.png,/Users/zhoujinghe/Documents/Codex/2026-04-30/new-chat/GFC_Forest_256_10k/label/006637.png,,,,,
GFC10K-AUDIT-0027,006358,positive,test,gfc_2018_2020_expansion_boreal_siberia_01,0.10-0.20,0.107117,0.495869,/Users/zhoujinghe/Documents/Codex/2026-04-30/new-chat/GFC_Forest_256_10k/A/006358.png,/Users/zhoujinghe/Documents/Codex/2026-04-30/new-chat/GFC_Forest_256_10k/B/006358.png,/Users/zhoujinghe/Documents/Codex/2026-04-30/new-chat/GFC_Forest_256_10k/label/006358.png,,,,,
GFC10K-AUDIT-0028,001590,positive,val,gfc_2018_2020_expansion_se_asia_papua_01,0.05-0.10,0.055618,0.318793,/Users/zhoujinghe/Documents/Codex/2026-04-30/new-chat/GFC_Forest_256_10k/A/001590.png,/Users/zhoujinghe/Documents/Codex/2026-04-30/new-chat/GFC_Forest_256_10k/B/001590.png,/Users/zhoujinghe/Documents/Codex/2026-04-30/new-chat/GFC_Forest_256_10k/label/001590.png,,,,,
GFC10K-AUDIT-0029,003129,positive,test,gfc_2018_2020_expansion_temperate_europe_01,0.05-0.10,0.050720,0.316486,/Users/zhoujinghe/Documents/Codex/2026-04-30/new-chat/GFC_Forest_256_10k/A/003129.png,/Users/zhoujinghe/Documents/Codex/2026-04-30/new-chat/GFC_Forest_256_10k/B/003129.png,/Users/zhoujinghe/Documents/Codex/2026-04-30/new-chat/GFC_Forest_256_10k/label/003129.png,,,,,
GFC10K-AUDIT-0030,004263,positive,train,gfc_2018_2020_expansion_boreal_siberia_01,0.20-0.40,0.212036,0.211356,/Users/zhoujinghe/Documents/Codex/2026-04-30/new-chat/GFC_Forest_256_10k/A/004263.png,/Users/zhoujinghe/Documents/Codex/2026-04-30/new-chat/GFC_Forest_256_10k/B/004263.png,/Users/zhoujinghe/Documents/Codex/2026-04-30/new-chat/GFC_Forest_256_10k/label/004263.png,,,,,
GFC10K-AUDIT-0031,008778,positive,train,gfc_2018_2020_expansion_congo_cameroon_01,0.10-0.20,0.126465,0.447635,/Users/zhoujinghe/Documents/Codex/2026-04-30/new-chat/GFC_Forest_256_10k/A/008778.png,/Users/zhoujinghe/Documents/Codex/2026-04-30/new-chat/GFC_Forest_256_10k/B/008778.png,/Users/zhoujinghe/Documents/Codex/2026-04-30/new-chat/GFC_Forest_256_10k/label/008778.png,,,,,
GFC10K-AUDIT-0032,002356,positive,train,gfc_2018_2020_expansion_temperate_china_01,0.05-0.10,0.057693,0.334568,/Users/zhoujinghe/Documents/Codex/2026-04-30/new-chat/GFC_Forest_256_10k/A/002356.png,/Users/zhoujinghe/Documents/Codex/2026-04-30/new-chat/GFC_Forest_256_10k/B/002356.png,/Users/zhoujinghe/Documents/Codex/2026-04-30/new-chat/GFC_Forest_256_10k/label/002356.png,,,,,
GFC10K-AUDIT-0033,003511,positive,train,gfc_2018_2020_expansion_amazon_venezuela_01,0.10-0.20,0.115005,0.665517,/Users/zhoujinghe/Documents/Codex/2026-04-30/new-chat/GFC_Forest_256_10k/A/003511.png,/Users/zhoujinghe/Documents/Codex/2026-04-30/new-chat/GFC_Forest_256_10k/B/003511.png,/Users/zhoujinghe/Documents/Codex/2026-04-30/new-chat/GFC_Forest_256_10k/label/003511.png,,,,,
GFC10K-AUDIT-0034,002857,positive,train,gfc_2018_2020_expansion_amazon_colombia_01,0.05-0.10,0.060242,0.244174,/Users/zhoujinghe/Documents/Codex/2026-04-30/new-chat/GFC_Forest_256_10k/A/002857.png,/Users/zhoujinghe/Documents/Codex/2026-04-30/new-chat/GFC_Forest_256_10k/B/002857.png,/Users/zhoujinghe/Documents/Codex/2026-04-30/new-chat/GFC_Forest_256_10k/label/002857.png,,,,,
GFC10K-AUDIT-0035,002489,positive,train,gfc_2018_2020_amazon_01,0.10-0.20,0.113037,0.622975,/Users/zhoujinghe/Documents/Codex/2026-04-30/new-chat/GFC_Forest_256_10k/A/002489.png,/Users/zhoujinghe/Documents/Codex/2026-04-30/new-chat/GFC_Forest_256_10k/B/002489.png,/Users/zhoujinghe/Documents/Codex/2026-04-30/new-chat/GFC_Forest_256_10k/label/002489.png,,,,,
GFC10K-AUDIT-0036,009815,positive,train,gfc_2018_2020_amazon_02,0.05-0.10,0.072311,0.182739,/Users/zhoujinghe/Documents/Codex/2026-04-30/new-chat/GFC_Forest_256_10k/A/009815.png,/Users/zhoujinghe/Documents/Codex/2026-04-30/new-chat/GFC_Forest_256_10k/B/009815.png,/Users/zhoujinghe/Documents/Codex/2026-04-30/new-chat/GFC_Forest_256_10k/label/009815.png,,,,,
GFC10K-AUDIT-0037,009545,positive,val,gfc_2018_2020_amazon_02,0.10-0.20,0.156464,0.493954,/Users/zhoujinghe/Documents/Codex/2026-04-30/new-chat/GFC_Forest_256_10k/A/009545.png,/Users/zhoujinghe/Documents/Codex/2026-04-30/new-chat/GFC_Forest_256_10k/B/009545.png,/Users/zhoujinghe/Documents/Codex/2026-04-30/new-chat/GFC_Forest_256_10k/label/009545.png,,,,,
GFC10K-AUDIT-0038,005750,positive,val,gfc_2018_2020_borneo_02,>=0.40,0.605423,0.156564,/Users/zhoujinghe/Documents/Codex/2026-04-30/new-chat/GFC_Forest_256_10k/A/005750.png,/Users/zhoujinghe/Documents/Codex/2026-04-30/new-chat/GFC_Forest_256_10k/B/005750.png,/Users/zhoujinghe/Documents/Codex/2026-04-30/new-chat/GFC_Forest_256_10k/label/005750.png,,,,,
GFC10K-AUDIT-0039,000202,positive,train,gfc_2018_2020_expansion_mexico_yucatan_01,0.10-0.20,0.126999,0.754055,/Users/zhoujinghe/Documents/Codex/2026-04-30/new-chat/GFC_Forest_256_10k/A/000202.png,/Users/zhoujinghe/Documents/Codex/2026-04-30/new-chat/GFC_Forest_256_10k/B/000202.png,/Users/zhoujinghe/Documents/Codex/2026-04-30/new-chat/GFC_Forest_256_10k/label/000202.png,,,,,
GFC10K-AUDIT-0040,009957,positive,train,gfc_2018_2020_expansion_congo_angola_01,0.10-0.20,0.135925,0.363157,/Users/zhoujinghe/Documents/Codex/2026-04-30/new-chat/GFC_Forest_256_10k/A/009957.png,/Users/zhoujinghe/Documents/Codex/2026-04-30/new-chat/GFC_Forest_256_10k/B/009957.png,/Users/zhoujinghe/Documents/Codex/2026-04-30/new-chat/GFC_Forest_256_10k/label/009957.png,,,,,
GFC10K-AUDIT-0041,003531,positive,train,gfc_2018_2020_expansion_temperate_china_01,0.10-0.20,0.121399,0.282931,/Users/zhoujinghe/Documents/Codex/2026-04-30/new-chat/GFC_Forest_256_10k/A/003531.png,/Users/zhoujinghe/Documents/Codex/2026-04-30/new-chat/GFC_Forest_256_10k/B/003531.png,/Users/zhoujinghe/Documents/Codex/2026-04-30/new-chat/GFC_Forest_256_10k/label/003531.png,,,,,
GFC10K-AUDIT-0042,006488,positive,train,gfc_2018_2020_expansion_congo_cameroon_01,0.05-0.10,0.091934,0.300747,/Users/zhoujinghe/Documents/Codex/2026-04-30/new-chat/GFC_Forest_256_10k/A/006488.png,/Users/zhoujinghe/Documents/Codex/2026-04-30/new-chat/GFC_Forest_256_10k/B/006488.png,/Users/zhoujinghe/Documents/Codex/2026-04-30/new-chat/GFC_Forest_256_10k/label/006488.png,,,,,
GFC10K-AUDIT-0043,003230,positive,test,gfc_2018_2020_expansion_congo_caf_01,0.05-0.10,0.072968,0.421999,/Users/zhoujinghe/Documents/Codex/2026-04-30/new-chat/GFC_Forest_256_10k/A/003230.png,/Users/zhoujinghe/Documents/Codex/2026-04-30/new-chat/GFC_Forest_256_10k/B/003230.png,/Users/zhoujinghe/Documents/Codex/2026-04-30/new-chat/GFC_Forest_256_10k/label/003230.png,,,,,
GFC10K-AUDIT-0044,007617,positive,val,gfc_2018_2020_expansion_madagascar_east_01,0.05-0.10,0.090118,0.228581,/Users/zhoujinghe/Documents/Codex/2026-04-30/new-chat/GFC_Forest_256_10k/A/007617.png,/Users/zhoujinghe/Documents/Codex/2026-04-30/new-chat/GFC_Forest_256_10k/B/007617.png,/Users/zhoujinghe/Documents/Codex/2026-04-30/new-chat/GFC_Forest_256_10k/label/007617.png,,,,,
GFC10K-AUDIT-0045,008227,positive,train,gfc_2018_2020_expansion_se_asia_borneo_03,0.05-0.10,0.050293,0.504551,/Users/zhoujinghe/Documents/Codex/2026-04-30/new-chat/GFC_Forest_256_10k/A/008227.png,/Users/zhoujinghe/Documents/Codex/2026-04-30/new-chat/GFC_Forest_256_10k/B/008227.png,/Users/zhoujinghe/Documents/Codex/2026-04-30/new-chat/GFC_Forest_256_10k/label/008227.png,,,,,
GFC10K-AUDIT-0046,008083,positive,train,gfc_2018_2020_expansion_se_asia_borneo_03,0.20-0.40,0.350128,0.978558,/Users/zhoujinghe/Documents/Codex/2026-04-30/new-chat/GFC_Forest_256_10k/A/008083.png,/Users/zhoujinghe/Documents/Codex/2026-04-30/new-chat/GFC_Forest_256_10k/B/008083.png,/Users/zhoujinghe/Documents/Codex/2026-04-30/new-chat/GFC_Forest_256_10k/label/008083.png,,,,,
GFC10K-AUDIT-0047,002583,positive,train,gfc_2018_2020_expansion_mexico_yucatan_01,0.20-0.40,0.312607,0.601211,/Users/zhoujinghe/Documents/Codex/2026-04-30/new-chat/GFC_Forest_256_10k/A/002583.png,/Users/zhoujinghe/Documents/Codex/2026-04-30/new-chat/GFC_Forest_256_10k/B/002583.png,/Users/zhoujinghe/Documents/Codex/2026-04-30/new-chat/GFC_Forest_256_10k/label/002583.png,,,,,
GFC10K-AUDIT-0048,001700,positive,train,gfc_2018_2020_borneo_02,0.20-0.40,0.247757,0.806922,/Users/zhoujinghe/Documents/Codex/2026-04-30/new-chat/GFC_Forest_256_10k/A/001700.png,/Users/zhoujinghe/Documents/Codex/2026-04-30/new-chat/GFC_Forest_256_10k/B/001700.png,/Users/zhoujinghe/Documents/Codex/2026-04-30/new-chat/GFC_Forest_256_10k/label/001700.png,,,,,
GFC10K-AUDIT-0049,007123,positive,train,gfc_2018_2020_expansion_boreal_siberia_01,0.10-0.20,0.184036,0.141033,/Users/zhoujinghe/Documents/Codex/2026-04-30/new-chat/GFC_Forest_256_10k/A/007123.png,/Users/zhoujinghe/Documents/Codex/2026-04-30/new-chat/GFC_Forest_256_10k/B/007123.png,/Users/zhoujinghe/Documents/Codex/2026-04-30/new-chat/GFC_Forest_256_10k/label/007123.png,,,,,
GFC10K-AUDIT-0050,000181,positive,val,gfc_2018_2020_expansion_congo_caf_01,0.05-0.10,0.084167,0.254714,/Users/zhoujinghe/Documents/Codex/2026-04-30/new-chat/GFC_Forest_256_10k/A/000181.png,/Users/zhoujinghe/Documents/Codex/2026-04-30/new-chat/GFC_Forest_256_10k/B/000181.png,/Users/zhoujinghe/Documents/Codex/2026-04-30/new-chat/GFC_Forest_256_10k/label/000181.png,,,,,
GFC10K-AUDIT-0051,006187,positive,test,gfc_2018_2020_expansion_congo_angola_01,0.10-0.20,0.110458,0.323111,/Users/zhoujinghe/Documents/Codex/2026-04-30/new-chat/GFC_Forest_256_10k/A/006187.png,/Users/zhoujinghe/Documents/Codex/2026-04-30/new-chat/GFC_Forest_256_10k/B/006187.png,/Users/zhoujinghe/Documents/Codex/2026-04-30/new-chat/GFC_Forest_256_10k/label/006187.png,,,,,
GFC10K-AUDIT-0052,000476,positive,val,gfc_2018_2020_expansion_se_asia_myanmar_01,0.10-0.20,0.109222,0.489243,/Users/zhoujinghe/Documents/Codex/2026-04-30/new-chat/GFC_Forest_256_10k/A/000476.png,/Users/zhoujinghe/Documents/Codex/2026-04-30/new-chat/GFC_Forest_256_10k/B/000476.png,/Users/zhoujinghe/Documents/Codex/2026-04-30/new-chat/GFC_Forest_256_10k/label/000476.png,,,,,
GFC10K-AUDIT-0053,009245,positive,val,gfc_2018_2020_expansion_congo_angola_01,0.10-0.20,0.103912,0.216300,/Users/zhoujinghe/Documents/Codex/2026-04-30/new-chat/GFC_Forest_256_10k/A/009245.png,/Users/zhoujinghe/Documents/Codex/2026-04-30/new-chat/GFC_Forest_256_10k/B/009245.png,/Users/zhoujinghe/Documents/Codex/2026-04-30/new-chat/GFC_Forest_256_10k/label/009245.png,,,,,
GFC10K-AUDIT-0054,007316,positive,val,gfc_2018_2020_expansion_temperate_china_01,0.05-0.10,0.050629,0.166365,/Users/zhoujinghe/Documents/Codex/2026-04-30/new-chat/GFC_Forest_256_10k/A/007316.png,/Users/zhoujinghe/Documents/Codex/2026-04-30/new-chat/GFC_Forest_256_10k/B/007316.png,/Users/zhoujinghe/Documents/Codex/2026-04-30/new-chat/GFC_Forest_256_10k/label/007316.png,,,,,
GFC10K-AUDIT-0055,000930,positive,val,gfc_2018_2020_expansion_congo_cameroon_01,0.05-0.10,0.052353,0.265520,/Users/zhoujinghe/Documents/Codex/2026-04-30/new-chat/GFC_Forest_256_10k/A/000930.png,/Users/zhoujinghe/Documents/Codex/2026-04-30/new-chat/GFC_Forest_256_10k/B/000930.png,/Users/zhoujinghe/Documents/Codex/2026-04-30/new-chat/GFC_Forest_256_10k/label/000930.png,,,,,
GFC10K-AUDIT-0056,000771,positive,val,gfc_2018_2020_expansion_boreal_canada_01,0.10-0.20,0.106567,0.684708,/Users/zhoujinghe/Documents/Codex/2026-04-30/new-chat/GFC_Forest_256_10k/A/000771.png,/Users/zhoujinghe/Documents/Codex/2026-04-30/new-chat/GFC_Forest_256_10k/B/000771.png,/Users/zhoujinghe/Documents/Codex/2026-04-30/new-chat/GFC_Forest_256_10k/label/000771.png,,,,,
GFC10K-AUDIT-0057,009054,positive,test,gfc_2018_2020_expansion_mexico_yucatan_01,0.20-0.40,0.206894,0.074563,/Users/zhoujinghe/Documents/Codex/2026-04-30/new-chat/GFC_Forest_256_10k/A/009054.png,/Users/zhoujinghe/Documents/Codex/2026-04-30/new-chat/GFC_Forest_256_10k/B/009054.png,/Users/zhoujinghe/Documents/Codex/2026-04-30/new-chat/GFC_Forest_256_10k/label/009054.png,,,,,
GFC10K-AUDIT-0058,009502,positive,val,gfc_2018_2020_expansion_congo_angola_01,0.05-0.10,0.063751,0.224988,/Users/zhoujinghe/Documents/Codex/2026-04-30/new-chat/GFC_Forest_256_10k/A/009502.png,/Users/zhoujinghe/Documents/Codex/2026-04-30/new-chat/GFC_Forest_256_10k/B/009502.png,/Users/zhoujinghe/Documents/Codex/2026-04-30/new-chat/GFC_Forest_256_10k/label/009502.png,,,,,
GFC10K-AUDIT-0059,001630,positive,test,gfc_2018_2020_amazon_01,>=0.40,0.473221,0.184890,/Users/zhoujinghe/Documents/Codex/2026-04-30/new-chat/GFC_Forest_256_10k/A/001630.png,/Users/zhoujinghe/Documents/Codex/2026-04-30/new-chat/GFC_Forest_256_10k/B/001630.png,/Users/zhoujinghe/Documents/Codex/2026-04-30/new-chat/GFC_Forest_256_10k/label/001630.png,,,,,
GFC10K-AUDIT-0060,008395,positive,test,gfc_2018_2020_borneo_01,0.05-0.10,0.053406,0.516571,/Users/zhoujinghe/Documents/Codex/2026-04-30/new-chat/GFC_Forest_256_10k/A/008395.png,/Users/zhoujinghe/Documents/Codex/2026-04-30/new-chat/GFC_Forest_256_10k/B/008395.png,/Users/zhoujinghe/Documents/Codex/2026-04-30/new-chat/GFC_Forest_256_10k/label/008395.png,,,,,
GFC10K-AUDIT-0061,003712,positive,train,gfc_2018_2020_expansion_amazon_guiana_01,0.20-0.40,0.235428,0.064230,/Users/zhoujinghe/Documents/Codex/2026-04-30/new-chat/GFC_Forest_256_10k/A/003712.png,/Users/zhoujinghe/Documents/Codex/2026-04-30/new-chat/GFC_Forest_256_10k/B/003712.png,/Users/zhoujinghe/Documents/Codex/2026-04-30/new-chat/GFC_Forest_256_10k/label/003712.png,,,,,
GFC10K-AUDIT-0062,005248,positive,test,gfc_2018_2020_amazon_01,0.20-0.40,0.235458,0.566781,/Users/zhoujinghe/Documents/Codex/2026-04-30/new-chat/GFC_Forest_256_10k/A/005248.png,/Users/zhoujinghe/Documents/Codex/2026-04-30/new-chat/GFC_Forest_256_10k/B/005248.png,/Users/zhoujinghe/Documents/Codex/2026-04-30/new-chat/GFC_Forest_256_10k/label/005248.png,,,,,
GFC10K-AUDIT-0063,007770,positive,test,gfc_2018_2020_expansion_amazon_bolivia_01,0.05-0.10,0.052185,0.132164,/Users/zhoujinghe/Documents/Codex/2026-04-30/new-chat/GFC_Forest_256_10k/A/007770.png,/Users/zhoujinghe/Documents/Codex/2026-04-30/new-chat/GFC_Forest_256_10k/B/007770.png,/Users/zhoujinghe/Documents/Codex/2026-04-30/new-chat/GFC_Forest_256_10k/label/007770.png,,,,,
GFC10K-AUDIT-0064,006659,positive,test,gfc_2018_2020_expansion_temperate_china_01,0.05-0.10,0.058472,0.535230,/Users/zhoujinghe/Documents/Codex/2026-04-30/new-chat/GFC_Forest_256_10k/A/006659.png,/Users/zhoujinghe/Documents/Codex/2026-04-30/new-chat/GFC_Forest_256_10k/B/006659.png,/Users/zhoujinghe/Documents/Codex/2026-04-30/new-chat/GFC_Forest_256_10k/label/006659.png,,,,,
GFC10K-AUDIT-0065,004243,positive,val,gfc_2018_2020_borneo_02,0.10-0.20,0.103607,0.116053,/Users/zhoujinghe/Documents/Codex/2026-04-30/new-chat/GFC_Forest_256_10k/A/004243.png,/Users/zhoujinghe/Documents/Codex/2026-04-30/new-chat/GFC_Forest_256_10k/B/004243.png,/Users/zhoujinghe/Documents/Codex/2026-04-30/new-chat/GFC_Forest_256_10k/label/004243.png,,,,,
GFC10K-AUDIT-0066,008789,positive,train,gfc_2018_2020_expansion_mexico_yucatan_01,>=0.40,0.473633,0.172358,/Users/zhoujinghe/Documents/Codex/2026-04-30/new-chat/GFC_Forest_256_10k/A/008789.png,/Users/zhoujinghe/Documents/Codex/2026-04-30/new-chat/GFC_Forest_256_10k/B/008789.png,/Users/zhoujinghe/Documents/Codex/2026-04-30/new-chat/GFC_Forest_256_10k/label/008789.png,,,,,
GFC10K-AUDIT-0067,002052,positive,val,gfc_2018_2020_expansion_mexico_yucatan_01,>=0.40,0.425156,0.798550,/Users/zhoujinghe/Documents/Codex/2026-04-30/new-chat/GFC_Forest_256_10k/A/002052.png,/Users/zhoujinghe/Documents/Codex/2026-04-30/new-chat/GFC_Forest_256_10k/B/002052.png,/Users/zhoujinghe/Documents/Codex/2026-04-30/new-chat/GFC_Forest_256_10k/label/002052.png,,,,,
GFC10K-AUDIT-0068,002554,positive,test,gfc_2018_2020_expansion_temperate_europe_01,0.10-0.20,0.149612,0.805813,/Users/zhoujinghe/Documents/Codex/2026-04-30/new-chat/GFC_Forest_256_10k/A/002554.png,/Users/zhoujinghe/Documents/Codex/2026-04-30/new-chat/GFC_Forest_256_10k/B/002554.png,/Users/zhoujinghe/Documents/Codex/2026-04-30/new-chat/GFC_Forest_256_10k/label/002554.png,,,,,
GFC10K-AUDIT-0069,009329,positive,train,gfc_2018_2020_expansion_boreal_siberia_01,0.05-0.10,0.090836,0.200067,/Users/zhoujinghe/Documents/Codex/2026-04-30/new-chat/GFC_Forest_256_10k/A/009329.png,/Users/zhoujinghe/Documents/Codex/2026-04-30/new-chat/GFC_Forest_256_10k/B/009329.png,/Users/zhoujinghe/Documents/Codex/2026-04-30/new-chat/GFC_Forest_256_10k/label/009329.png,,,,,
GFC10K-AUDIT-0070,000415,positive,test,gfc_2018_2020_amazon_01,0.10-0.20,0.165070,0.646053,/Users/zhoujinghe/Documents/Codex/2026-04-30/new-chat/GFC_Forest_256_10k/A/000415.png,/Users/zhoujinghe/Documents/Codex/2026-04-30/new-chat/GFC_Forest_256_10k/B/000415.png,/Users/zhoujinghe/Documents/Codex/2026-04-30/new-chat/GFC_Forest_256_10k/label/000415.png,,,,,
GFC10K-AUDIT-0071,002813,positive,test,gfc_2018_2020_expansion_boreal_canada_01,0.05-0.10,0.058548,0.166536,/Users/zhoujinghe/Documents/Codex/2026-04-30/new-chat/GFC_Forest_256_10k/A/002813.png,/Users/zhoujinghe/Documents/Codex/2026-04-30/new-chat/GFC_Forest_256_10k/B/002813.png,/Users/zhoujinghe/Documents/Codex/2026-04-30/new-chat/GFC_Forest_256_10k/label/002813.png,,,,,
GFC10K-AUDIT-0072,004497,positive,test,gfc_2018_2020_expansion_central_america_01,0.20-0.40,0.361359,0.686302,/Users/zhoujinghe/Documents/Codex/2026-04-30/new-chat/GFC_Forest_256_10k/A/004497.png,/Users/zhoujinghe/Documents/Codex/2026-04-30/new-chat/GFC_Forest_256_10k/B/004497.png,/Users/zhoujinghe/Documents/Codex/2026-04-30/new-chat/GFC_Forest_256_10k/label/004497.png,,,,,
GFC10K-AUDIT-0073,005059,positive,val,gfc_2018_2020_amazon_01,0.10-0.20,0.135117,0.085940,/Users/zhoujinghe/Documents/Codex/2026-04-30/new-chat/GFC_Forest_256_10k/A/005059.png,/Users/zhoujinghe/Documents/Codex/2026-04-30/new-chat/GFC_Forest_256_10k/B/005059.png,/Users/zhoujinghe/Documents/Codex/2026-04-30/new-chat/GFC_Forest_256_10k/label/005059.png,,,,,
GFC10K-AUDIT-0074,008406,positive,train,gfc_2018_2020_expansion_amazon_venezuela_01,0.05-0.10,0.063690,0.694777,/Users/zhoujinghe/Documents/Codex/2026-04-30/new-chat/GFC_Forest_256_10k/A/008406.png,/Users/zhoujinghe/Documents/Codex/2026-04-30/new-chat/GFC_Forest_256_10k/B/008406.png,/Users/zhoujinghe/Documents/Codex/2026-04-30/new-chat/GFC_Forest_256_10k/label/008406.png,,,,,
GFC10K-AUDIT-0075,004917,positive,test,gfc_2018_2020_expansion_se_asia_sumatra_02,0.10-0.20,0.128525,0.565475,/Users/zhoujinghe/Documents/Codex/2026-04-30/new-chat/GFC_Forest_256_10k/A/004917.png,/Users/zhoujinghe/Documents/Codex/2026-04-30/new-chat/GFC_Forest_256_10k/B/004917.png,/Users/zhoujinghe/Documents/Codex/2026-04-30/new-chat/GFC_Forest_256_10k/label/004917.png,,,,,
GFC10K-AUDIT-0076,009010,positive,train,gfc_2018_2020_expansion_mexico_yucatan_01,0.05-0.10,0.050537,0.576691,/Users/zhoujinghe/Documents/Codex/2026-04-30/new-chat/GFC_Forest_256_10k/A/009010.png,/Users/zhoujinghe/Documents/Codex/2026-04-30/new-chat/GFC_Forest_256_10k/B/009010.png,/Users/zhoujinghe/Documents/Codex/2026-04-30/new-chat/GFC_Forest_256_10k/label/009010.png,,,,,
GFC10K-AUDIT-0077,003691,positive,test,gfc_2018_2020_expansion_se_asia_borneo_03,0.05-0.10,0.075546,0.258938,/Users/zhoujinghe/Documents/Codex/2026-04-30/new-chat/GFC_Forest_256_10k/A/003691.png,/Users/zhoujinghe/Documents/Codex/2026-04-30/new-chat/GFC_Forest_256_10k/B/003691.png,/Users/zhoujinghe/Documents/Codex/2026-04-30/new-chat/GFC_Forest_256_10k/label/003691.png,,,,,
GFC10K-AUDIT-0078,006505,positive,test,gfc_2018_2020_expansion_boreal_siberia_01,>=0.40,0.417084,0.606497,/Users/zhoujinghe/Documents/Codex/2026-04-30/new-chat/GFC_Forest_256_10k/A/006505.png,/Users/zhoujinghe/Documents/Codex/2026-04-30/new-chat/GFC_Forest_256_10k/B/006505.png,/Users/zhoujinghe/Documents/Codex/2026-04-30/new-chat/GFC_Forest_256_10k/label/006505.png,,,,,
GFC10K-AUDIT-0079,008674,positive,test,gfc_2018_2020_expansion_amazon_guiana_01,0.20-0.40,0.279709,0.148383,/Users/zhoujinghe/Documents/Codex/2026-04-30/new-chat/GFC_Forest_256_10k/A/008674.png,/Users/zhoujinghe/Documents/Codex/2026-04-30/new-chat/GFC_Forest_256_10k/B/008674.png,/Users/zhoujinghe/Documents/Codex/2026-04-30/new-chat/GFC_Forest_256_10k/label/008674.png,,,,,
GFC10K-AUDIT-0080,005722,positive,val,gfc_2018_2020_amazon_01,0.05-0.10,0.061646,0.067327,/Users/zhoujinghe/Documents/Codex/2026-04-30/new-chat/GFC_Forest_256_10k/A/005722.png,/Users/zhoujinghe/Documents/Codex/2026-04-30/new-chat/GFC_Forest_256_10k/B/005722.png,/Users/zhoujinghe/Documents/Codex/2026-04-30/new-chat/GFC_Forest_256_10k/label/005722.png,,,,,
GFC10K-AUDIT-0081,002515,positive,test,gfc_2018_2020_expansion_andes_cloudforest_01,0.05-0.10,0.061447,0.355103,/Users/zhoujinghe/Documents/Codex/2026-04-30/new-chat/GFC_Forest_256_10k/A/002515.png,/Users/zhoujinghe/Documents/Codex/2026-04-30/new-chat/GFC_Forest_256_10k/B/002515.png,/Users/zhoujinghe/Documents/Codex/2026-04-30/new-chat/GFC_Forest_256_10k/label/002515.png,,,,,
GFC10K-AUDIT-0082,000577,positive,train,gfc_2018_2020_expansion_andes_cloudforest_01,0.20-0.40,0.201874,0.770824,/Users/zhoujinghe/Documents/Codex/2026-04-30/new-chat/GFC_Forest_256_10k/A/000577.png,/Users/zhoujinghe/Documents/Codex/2026-04-30/new-chat/GFC_Forest_256_10k/B/000577.png,/Users/zhoujinghe/Documents/Codex/2026-04-30/new-chat/GFC_Forest_256_10k/label/000577.png,,,,,
GFC10K-AUDIT-0083,003347,positive,test,gfc_2018_2020_expansion_se_asia_borneo_03,0.10-0.20,0.164276,0.362809,/Users/zhoujinghe/Documents/Codex/2026-04-30/new-chat/GFC_Forest_256_10k/A/003347.png,/Users/zhoujinghe/Documents/Codex/2026-04-30/new-chat/GFC_Forest_256_10k/B/003347.png,/Users/zhoujinghe/Documents/Codex/2026-04-30/new-chat/GFC_Forest_256_10k/label/003347.png,,,,,
GFC10K-AUDIT-0084,009697,positive,test,gfc_2018_2020_expansion_central_america_01,0.05-0.10,0.053741,0.212663,/Users/zhoujinghe/Documents/Codex/2026-04-30/new-chat/GFC_Forest_256_10k/A/009697.png,/Users/zhoujinghe/Documents/Codex/2026-04-30/new-chat/GFC_Forest_256_10k/B/009697.png,/Users/zhoujinghe/Documents/Codex/2026-04-30/new-chat/GFC_Forest_256_10k/label/009697.png,,,,,
GFC10K-AUDIT-0085,008272,positive,test,gfc_2018_2020_expansion_mexico_yucatan_01,0.10-0.20,0.166946,0.550498,/Users/zhoujinghe/Documents/Codex/2026-04-30/new-chat/GFC_Forest_256_10k/A/008272.png,/Users/zhoujinghe/Documents/Codex/2026-04-30/new-chat/GFC_Forest_256_10k/B/008272.png,/Users/zhoujinghe/Documents/Codex/2026-04-30/new-chat/GFC_Forest_256_10k/label/008272.png,,,,,
GFC10K-AUDIT-0086,003924,positive,val,gfc_2018_2020_amazon_01,>=0.40,0.509979,0.222428,/Users/zhoujinghe/Documents/Codex/2026-04-30/new-chat/GFC_Forest_256_10k/A/003924.png,/Users/zhoujinghe/Documents/Codex/2026-04-30/new-chat/GFC_Forest_256_10k/B/003924.png,/Users/zhoujinghe/Documents/Codex/2026-04-30/new-chat/GFC_Forest_256_10k/label/003924.png,,,,,
GFC10K-AUDIT-0087,000923,positive,train,gfc_2018_2020_expansion_se_asia_papua_01,0.05-0.10,0.059814,0.390306,/Users/zhoujinghe/Documents/Codex/2026-04-30/new-chat/GFC_Forest_256_10k/A/000923.png,/Users/zhoujinghe/Documents/Codex/2026-04-30/new-chat/GFC_Forest_256_10k/B/000923.png,/Users/zhoujinghe/Documents/Codex/2026-04-30/new-chat/GFC_Forest_256_10k/label/000923.png,,,,,
GFC10K-AUDIT-0088,009263,positive,test,gfc_2018_2020_expansion_se_asia_borneo_03,0.20-0.40,0.218658,0.992184,/Users/zhoujinghe/Documents/Codex/2026-04-30/new-chat/GFC_Forest_256_10k/A/009263.png,/Users/zhoujinghe/Documents/Codex/2026-04-30/new-chat/GFC_Forest_256_10k/B/009263.png,/Users/zhoujinghe/Documents/Codex/2026-04-30/new-chat/GFC_Forest_256_10k/label/009263.png,,,,,
GFC10K-AUDIT-0089,007130,positive,train,gfc_2018_2020_expansion_amazon_bolivia_01,0.05-0.10,0.067093,0.265181,/Users/zhoujinghe/Documents/Codex/2026-04-30/new-chat/GFC_Forest_256_10k/A/007130.png,/Users/zhoujinghe/Documents/Codex/2026-04-30/new-chat/GFC_Forest_256_10k/B/007130.png,/Users/zhoujinghe/Documents/Codex/2026-04-30/new-chat/GFC_Forest_256_10k/label/007130.png,,,,,
GFC10K-AUDIT-0090,009909,positive,train,gfc_2018_2020_expansion_se_asia_borneo_03,>=0.40,0.678009,0.256605,/Users/zhoujinghe/Documents/Codex/2026-04-30/new-chat/GFC_Forest_256_10k/A/009909.png,/Users/zhoujinghe/Documents/Codex/2026-04-30/new-chat/GFC_Forest_256_10k/B/009909.png,/Users/zhoujinghe/Documents/Codex/2026-04-30/new-chat/GFC_Forest_256_10k/label/009909.png,,,,,
GFC10K-AUDIT-0091,000698,positive,train,gfc_2018_2020_expansion_se_asia_myanmar_01,0.05-0.10,0.083160,0.286422,/Users/zhoujinghe/Documents/Codex/2026-04-30/new-chat/GFC_Forest_256_10k/A/000698.png,/Users/zhoujinghe/Documents/Codex/2026-04-30/new-chat/GFC_Forest_256_10k/B/000698.png,/Users/zhoujinghe/Documents/Codex/2026-04-30/new-chat/GFC_Forest_256_10k/label/000698.png,,,,,
GFC10K-AUDIT-0092,004507,positive,test,gfc_2018_2020_amazon_01,0.05-0.10,0.056519,0.446004,/Users/zhoujinghe/Documents/Codex/2026-04-30/new-chat/GFC_Forest_256_10k/A/004507.png,/Users/zhoujinghe/Documents/Codex/2026-04-30/new-chat/GFC_Forest_256_10k/B/004507.png,/Users/zhoujinghe/Documents/Codex/2026-04-30/new-chat/GFC_Forest_256_10k/label/004507.png,,,,,
GFC10K-AUDIT-0093,007414,positive,train,gfc_2018_2020_borneo_02,>=0.40,0.566879,0.279858,/Users/zhoujinghe/Documents/Codex/2026-04-30/new-chat/GFC_Forest_256_10k/A/007414.png,/Users/zhoujinghe/Documents/Codex/2026-04-30/new-chat/GFC_Forest_256_10k/B/007414.png,/Users/zhoujinghe/Documents/Codex/2026-04-30/new-chat/GFC_Forest_256_10k/label/007414.png,,,,,
GFC10K-AUDIT-0094,000436,positive,val,gfc_2018_2020_expansion_temperate_europe_01,0.10-0.20,0.107391,0.189827,/Users/zhoujinghe/Documents/Codex/2026-04-30/new-chat/GFC_Forest_256_10k/A/000436.png,/Users/zhoujinghe/Documents/Codex/2026-04-30/new-chat/GFC_Forest_256_10k/B/000436.png,/Users/zhoujinghe/Documents/Codex/2026-04-30/new-chat/GFC_Forest_256_10k/label/000436.png,,,,,
GFC10K-AUDIT-0095,006914,positive,test,gfc_2018_2020_expansion_temperate_china_01,0.10-0.20,0.108932,0.297661,/Users/zhoujinghe/Documents/Codex/2026-04-30/new-chat/GFC_Forest_256_10k/A/006914.png,/Users/zhoujinghe/Documents/Codex/2026-04-30/new-chat/GFC_Forest_256_10k/B/006914.png,/Users/zhoujinghe/Documents/Codex/2026-04-30/new-chat/GFC_Forest_256_10k/label/006914.png,,,,,
GFC10K-AUDIT-0096,004652,positive,val,gfc_2018_2020_expansion_se_asia_borneo_03,0.10-0.20,0.108597,0.193340,/Users/zhoujinghe/Documents/Codex/2026-04-30/new-chat/GFC_Forest_256_10k/A/004652.png,/Users/zhoujinghe/Documents/Codex/2026-04-30/new-chat/GFC_Forest_256_10k/B/004652.png,/Users/zhoujinghe/Documents/Codex/2026-04-30/new-chat/GFC_Forest_256_10k/label/004652.png,,,,,
GFC10K-AUDIT-0097,006546,positive,train,gfc_2018_2020_expansion_boreal_canada_01,0.10-0.20,0.119873,0.554990,/Users/zhoujinghe/Documents/Codex/2026-04-30/new-chat/GFC_Forest_256_10k/A/006546.png,/Users/zhoujinghe/Documents/Codex/2026-04-30/new-chat/GFC_Forest_256_10k/B/006546.png,/Users/zhoujinghe/Documents/Codex/2026-04-30/new-chat/GFC_Forest_256_10k/label/006546.png,,,,,
GFC10K-AUDIT-0098,006413,positive,train,gfc_2018_2020_expansion_madagascar_east_01,0.20-0.40,0.206223,0.357011,/Users/zhoujinghe/Documents/Codex/2026-04-30/new-chat/GFC_Forest_256_10k/A/006413.png,/Users/zhoujinghe/Documents/Codex/2026-04-30/new-chat/GFC_Forest_256_10k/B/006413.png,/Users/zhoujinghe/Documents/Codex/2026-04-30/new-chat/GFC_Forest_256_10k/label/006413.png,,,,,
GFC10K-AUDIT-0099,003210,positive,train,gfc_2018_2020_expansion_amazon_colombia_01,0.10-0.20,0.189575,0.411623,/Users/zhoujinghe/Documents/Codex/2026-04-30/new-chat/GFC_Forest_256_10k/A/003210.png,/Users/zhoujinghe/Documents/Codex/2026-04-30/new-chat/GFC_Forest_256_10k/B/003210.png,/Users/zhoujinghe/Documents/Codex/2026-04-30/new-chat/GFC_Forest_256_10k/label/003210.png,,,,,
GFC10K-AUDIT-0100,000884,positive,test,gfc_2018_2020_expansion_se_asia_sumatra_02,0.05-0.10,0.074844,0.226300,/Users/zhoujinghe/Documents/Codex/2026-04-30/new-chat/GFC_Forest_256_10k/A/000884.png,/Users/zhoujinghe/Documents/Codex/2026-04-30/new-chat/GFC_Forest_256_10k/B/000884.png,/Users/zhoujinghe/Documents/Codex/2026-04-30/new-chat/GFC_Forest_256_10k/label/000884.png,,,,,
GFC10K-AUDIT-0101,006621,positive,train,gfc_2018_2020_expansion_se_asia_sumatra_02,0.10-0.20,0.108185,0.415797,/Users/zhoujinghe/Documents/Codex/2026-04-30/new-chat/GFC_Forest_256_10k/A/006621.png,/Users/zhoujinghe/Documents/Codex/2026-04-30/new-chat/GFC_Forest_256_10k/B/006621.png,/Users/zhoujinghe/Documents/Codex/2026-04-30/new-chat/GFC_Forest_256_10k/label/006621.png,,,,,
GFC10K-AUDIT-0102,008365,positive,train,gfc_2018_2020_expansion_congo_angola_01,0.05-0.10,0.082367,0.306039,/Users/zhoujinghe/Documents/Codex/2026-04-30/new-chat/GFC_Forest_256_10k/A/008365.png,/Users/zhoujinghe/Documents/Codex/2026-04-30/new-chat/GFC_Forest_256_10k/B/008365.png,/Users/zhoujinghe/Documents/Codex/2026-04-30/new-chat/GFC_Forest_256_10k/label/008365.png,,,,,
GFC10K-AUDIT-0103,003090,positive,train,gfc_2018_2020_amazon_01,0.20-0.40,0.207733,0.462539,/Users/zhoujinghe/Documents/Codex/2026-04-30/new-chat/GFC_Forest_256_10k/A/003090.png,/Users/zhoujinghe/Documents/Codex/2026-04-30/new-chat/GFC_Forest_256_10k/B/003090.png,/Users/zhoujinghe/Documents/Codex/2026-04-30/new-chat/GFC_Forest_256_10k/label/003090.png,,,,,
GFC10K-AUDIT-0104,007493,positive,val,gfc_2018_2020_expansion_boreal_canada_01,0.20-0.40,0.247513,0.957709,/Users/zhoujinghe/Documents/Codex/2026-04-30/new-chat/GFC_Forest_256_10k/A/007493.png,/Users/zhoujinghe/Documents/Codex/2026-04-30/new-chat/GFC_Forest_256_10k/B/007493.png,/Users/zhoujinghe/Documents/Codex/2026-04-30/new-chat/GFC_Forest_256_10k/label/007493.png,,,,,
GFC10K-AUDIT-0105,001313,positive,train,gfc_2018_2020_expansion_australia_queensland_01,0.05-0.10,0.065613,0.098140,/Users/zhoujinghe/Documents/Codex/2026-04-30/new-chat/GFC_Forest_256_10k/A/001313.png,/Users/zhoujinghe/Documents/Codex/2026-04-30/new-chat/GFC_Forest_256_10k/B/001313.png,/Users/zhoujinghe/Documents/Codex/2026-04-30/new-chat/GFC_Forest_256_10k/label/001313.png,,,,,
GFC10K-AUDIT-0106,002705,positive,test,gfc_2018_2020_expansion_madagascar_east_01,0.10-0.20,0.150528,0.424328,/Users/zhoujinghe/Documents/Codex/2026-04-30/new-chat/GFC_Forest_256_10k/A/002705.png,/Users/zhoujinghe/Documents/Codex/2026-04-30/new-chat/GFC_Forest_256_10k/B/002705.png,/Users/zhoujinghe/Documents/Codex/2026-04-30/new-chat/GFC_Forest_256_10k/label/002705.png,,,,,
GFC10K-AUDIT-0107,007447,positive,test,gfc_2018_2020_expansion_se_asia_sumatra_02,0.20-0.40,0.207764,0.433534,/Users/zhoujinghe/Documents/Codex/2026-04-30/new-chat/GFC_Forest_256_10k/A/007447.png,/Users/zhoujinghe/Documents/Codex/2026-04-30/new-chat/GFC_Forest_256_10k/B/007447.png,/Users/zhoujinghe/Documents/Codex/2026-04-30/new-chat/GFC_Forest_256_10k/label/007447.png,,,,,
GFC10K-AUDIT-0108,003147,positive,test,gfc_2018_2020_expansion_boreal_canada_01,0.20-0.40,0.368912,0.554908,/Users/zhoujinghe/Documents/Codex/2026-04-30/new-chat/GFC_Forest_256_10k/A/003147.png,/Users/zhoujinghe/Documents/Codex/2026-04-30/new-chat/GFC_Forest_256_10k/B/003147.png,/Users/zhoujinghe/Documents/Codex/2026-04-30/new-chat/GFC_Forest_256_10k/label/003147.png,,,,,
GFC10K-AUDIT-0109,005331,positive,train,gfc_2018_2020_expansion_boreal_canada_01,0.05-0.10,0.087570,0.657432,/Users/zhoujinghe/Documents/Codex/2026-04-30/new-chat/GFC_Forest_256_10k/A/005331.png,/Users/zhoujinghe/Documents/Codex/2026-04-30/new-chat/GFC_Forest_256_10k/B/005331.png,/Users/zhoujinghe/Documents/Codex/2026-04-30/new-chat/GFC_Forest_256_10k/label/005331.png,,,,,
GFC10K-AUDIT-0110,005503,positive,train,gfc_2018_2020_borneo_02,0.05-0.10,0.058426,0.238705,/Users/zhoujinghe/Documents/Codex/2026-04-30/new-chat/GFC_Forest_256_10k/A/005503.png,/Users/zhoujinghe/Documents/Codex/2026-04-30/new-chat/GFC_Forest_256_10k/B/005503.png,/Users/zhoujinghe/Documents/Codex/2026-04-30/new-chat/GFC_Forest_256_10k/label/005503.png,,,,,
GFC10K-AUDIT-0111,007085,positive,train,gfc_2018_2020_borneo_01,0.05-0.10,0.072235,0.217575,/Users/zhoujinghe/Documents/Codex/2026-04-30/new-chat/GFC_Forest_256_10k/A/007085.png,/Users/zhoujinghe/Documents/Codex/2026-04-30/new-chat/GFC_Forest_256_10k/B/007085.png,/Users/zhoujinghe/Documents/Codex/2026-04-30/new-chat/GFC_Forest_256_10k/label/007085.png,,,,,
GFC10K-AUDIT-0112,008120,positive,train,gfc_2018_2020_borneo_01,0.10-0.20,0.143555,0.565689,/Users/zhoujinghe/Documents/Codex/2026-04-30/new-chat/GFC_Forest_256_10k/A/008120.png,/Users/zhoujinghe/Documents/Codex/2026-04-30/new-chat/GFC_Forest_256_10k/B/008120.png,/Users/zhoujinghe/Documents/Codex/2026-04-30/new-chat/GFC_Forest_256_10k/label/008120.png,,,,,
GFC10K-AUDIT-0113,001366,positive,test,gfc_2018_2020_expansion_congo_cameroon_01,0.05-0.10,0.050369,0.264768,/Users/zhoujinghe/Documents/Codex/2026-04-30/new-chat/GFC_Forest_256_10k/A/001366.png,/Users/zhoujinghe/Documents/Codex/2026-04-30/new-chat/GFC_Forest_256_10k/B/001366.png,/Users/zhoujinghe/Documents/Codex/2026-04-30/new-chat/GFC_Forest_256_10k/label/001366.png,,,,,
GFC10K-AUDIT-0114,007799,positive,test,gfc_2018_2020_expansion_boreal_siberia_01,0.20-0.40,0.331955,0.351046,/Users/zhoujinghe/Documents/Codex/2026-04-30/new-chat/GFC_Forest_256_10k/A/007799.png,/Users/zhoujinghe/Documents/Codex/2026-04-30/new-chat/GFC_Forest_256_10k/B/007799.png,/Users/zhoujinghe/Documents/Codex/2026-04-30/new-chat/GFC_Forest_256_10k/label/007799.png,,,,,
GFC10K-AUDIT-0115,004781,positive,val,gfc_2018_2020_expansion_mexico_yucatan_01,0.05-0.10,0.072510,0.291877,/Users/zhoujinghe/Documents/Codex/2026-04-30/new-chat/GFC_Forest_256_10k/A/004781.png,/Users/zhoujinghe/Documents/Codex/2026-04-30/new-chat/GFC_Forest_256_10k/B/004781.png,/Users/zhoujinghe/Documents/Codex/2026-04-30/new-chat/GFC_Forest_256_10k/label/004781.png,,,,,
GFC10K-AUDIT-0116,001524,positive,train,gfc_2018_2020_expansion_congo_angola_01,0.20-0.40,0.208008,0.342430,/Users/zhoujinghe/Documents/Codex/2026-04-30/new-chat/GFC_Forest_256_10k/A/001524.png,/Users/zhoujinghe/Documents/Codex/2026-04-30/new-chat/GFC_Forest_256_10k/B/001524.png,/Users/zhoujinghe/Documents/Codex/2026-04-30/new-chat/GFC_Forest_256_10k/label/001524.png,,,,,
GFC10K-AUDIT-0117,006346,positive,val,gfc_2018_2020_expansion_amazon_guiana_01,0.05-0.10,0.058289,0.150524,/Users/zhoujinghe/Documents/Codex/2026-04-30/new-chat/GFC_Forest_256_10k/A/006346.png,/Users/zhoujinghe/Documents/Codex/2026-04-30/new-chat/GFC_Forest_256_10k/B/006346.png,/Users/zhoujinghe/Documents/Codex/2026-04-30/new-chat/GFC_Forest_256_10k/label/006346.png,,,,,
GFC10K-AUDIT-0118,007249,positive,val,gfc_2018_2020_expansion_temperate_china_01,0.10-0.20,0.132599,0.243728,/Users/zhoujinghe/Documents/Codex/2026-04-30/new-chat/GFC_Forest_256_10k/A/007249.png,/Users/zhoujinghe/Documents/Codex/2026-04-30/new-chat/GFC_Forest_256_10k/B/007249.png,/Users/zhoujinghe/Documents/Codex/2026-04-30/new-chat/GFC_Forest_256_10k/label/007249.png,,,,,
GFC10K-AUDIT-0119,008461,positive,train,gfc_2018_2020_expansion_congo_caf_01,0.20-0.40,0.225098,0.301722,/Users/zhoujinghe/Documents/Codex/2026-04-30/new-chat/GFC_Forest_256_10k/A/008461.png,/Users/zhoujinghe/Documents/Codex/2026-04-30/new-chat/GFC_Forest_256_10k/B/008461.png,/Users/zhoujinghe/Documents/Codex/2026-04-30/new-chat/GFC_Forest_256_10k/label/008461.png,,,,,
GFC10K-AUDIT-0120,007082,positive,test,gfc_2018_2020_expansion_congo_caf_01,0.10-0.20,0.109879,0.313568,/Users/zhoujinghe/Documents/Codex/2026-04-30/new-chat/GFC_Forest_256_10k/A/007082.png,/Users/zhoujinghe/Documents/Codex/2026-04-30/new-chat/GFC_Forest_256_10k/B/007082.png,/Users/zhoujinghe/Documents/Codex/2026-04-30/new-chat/GFC_Forest_256_10k/label/007082.png,,,,,
GFC10K-AUDIT-0121,004535,positive,test,gfc_2018_2020_expansion_central_america_01,0.10-0.20,0.128036,0.237397,/Users/zhoujinghe/Documents/Codex/2026-04-30/new-chat/GFC_Forest_256_10k/A/004535.png,/Users/zhoujinghe/Documents/Codex/2026-04-30/new-chat/GFC_Forest_256_10k/B/004535.png,/Users/zhoujinghe/Documents/Codex/2026-04-30/new-chat/GFC_Forest_256_10k/label/004535.png,,,,,
GFC10K-AUDIT-0122,009932,positive,val,gfc_2018_2020_expansion_central_america_01,0.10-0.20,0.116638,0.248823,/Users/zhoujinghe/Documents/Codex/2026-04-30/new-chat/GFC_Forest_256_10k/A/009932.png,/Users/zhoujinghe/Documents/Codex/2026-04-30/new-chat/GFC_Forest_256_10k/B/009932.png,/Users/zhoujinghe/Documents/Codex/2026-04-30/new-chat/GFC_Forest_256_10k/label/009932.png,,,,,
GFC10K-AUDIT-0123,008509,positive,val,gfc_2018_2020_expansion_amazon_bolivia_01,0.20-0.40,0.221741,0.059386,/Users/zhoujinghe/Documents/Codex/2026-04-30/new-chat/GFC_Forest_256_10k/A/008509.png,/Users/zhoujinghe/Documents/Codex/2026-04-30/new-chat/GFC_Forest_256_10k/B/008509.png,/Users/zhoujinghe/Documents/Codex/2026-04-30/new-chat/GFC_Forest_256_10k/label/008509.png,,,,,
GFC10K-AUDIT-0124,000118,positive,test,gfc_2018_2020_expansion_se_asia_papua_01,0.05-0.10,0.054764,0.376707,/Users/zhoujinghe/Documents/Codex/2026-04-30/new-chat/GFC_Forest_256_10k/A/000118.png,/Users/zhoujinghe/Documents/Codex/2026-04-30/new-chat/GFC_Forest_256_10k/B/000118.png,/Users/zhoujinghe/Documents/Codex/2026-04-30/new-chat/GFC_Forest_256_10k/label/000118.png,,,,,
GFC10K-AUDIT-0125,006848,positive,train,gfc_2018_2020_expansion_se_asia_sumatra_02,>=0.40,0.534653,0.058392,/Users/zhoujinghe/Documents/Codex/2026-04-30/new-chat/GFC_Forest_256_10k/A/006848.png,/Users/zhoujinghe/Documents/Codex/2026-04-30/new-chat/GFC_Forest_256_10k/B/006848.png,/Users/zhoujinghe/Documents/Codex/2026-04-30/new-chat/GFC_Forest_256_10k/label/006848.png,,,,,
GFC10K-AUDIT-0126,006764,positive,test,gfc_2018_2020_expansion_madagascar_east_01,0.05-0.10,0.052719,0.856729,/Users/zhoujinghe/Documents/Codex/2026-04-30/new-chat/GFC_Forest_256_10k/A/006764.png,/Users/zhoujinghe/Documents/Codex/2026-04-30/new-chat/GFC_Forest_256_10k/B/006764.png,/Users/zhoujinghe/Documents/Codex/2026-04-30/new-chat/GFC_Forest_256_10k/label/006764.png,,,,,
GFC10K-AUDIT-0127,000643,positive,val,gfc_2018_2020_expansion_se_asia_borneo_03,0.20-0.40,0.249252,0.145516,/Users/zhoujinghe/Documents/Codex/2026-04-30/new-chat/GFC_Forest_256_10k/A/000643.png,/Users/zhoujinghe/Documents/Codex/2026-04-30/new-chat/GFC_Forest_256_10k/B/000643.png,/Users/zhoujinghe/Documents/Codex/2026-04-30/new-chat/GFC_Forest_256_10k/label/000643.png,,,,,
GFC10K-AUDIT-0128,006973,positive,val,gfc_2018_2020_expansion_andes_cloudforest_01,0.10-0.20,0.103546,0.243884,/Users/zhoujinghe/Documents/Codex/2026-04-30/new-chat/GFC_Forest_256_10k/A/006973.png,/Users/zhoujinghe/Documents/Codex/2026-04-30/new-chat/GFC_Forest_256_10k/B/006973.png,/Users/zhoujinghe/Documents/Codex/2026-04-30/new-chat/GFC_Forest_256_10k/label/006973.png,,,,,
GFC10K-AUDIT-0129,009248,positive,train,gfc_2018_2020_amazon_02,>=0.40,0.451218,0.060769,/Users/zhoujinghe/Documents/Codex/2026-04-30/new-chat/GFC_Forest_256_10k/A/009248.png,/Users/zhoujinghe/Documents/Codex/2026-04-30/new-chat/GFC_Forest_256_10k/B/009248.png,/Users/zhoujinghe/Documents/Codex/2026-04-30/new-chat/GFC_Forest_256_10k/label/009248.png,,,,,
GFC10K-AUDIT-0130,001636,positive,train,gfc_2018_2020_expansion_amazon_guiana_01,0.10-0.20,0.120346,0.132116,/Users/zhoujinghe/Documents/Codex/2026-04-30/new-chat/GFC_Forest_256_10k/A/001636.png,/Users/zhoujinghe/Documents/Codex/2026-04-30/new-chat/GFC_Forest_256_10k/B/001636.png,/Users/zhoujinghe/Documents/Codex/2026-04-30/new-chat/GFC_Forest_256_10k/label/001636.png,,,,,
GFC10K-AUDIT-0131,006248,positive,train,gfc_2018_2020_expansion_temperate_europe_01,0.10-0.20,0.154694,0.523081,/Users/zhoujinghe/Documents/Codex/2026-04-30/new-chat/GFC_Forest_256_10k/A/006248.png,/Users/zhoujinghe/Documents/Codex/2026-04-30/new-chat/GFC_Forest_256_10k/B/006248.png,/Users/zhoujinghe/Documents/Codex/2026-04-30/new-chat/GFC_Forest_256_10k/label/006248.png,,,,,
GFC10K-AUDIT-0132,001252,positive,val,gfc_2018_2020_expansion_congo_caf_01,0.10-0.20,0.147232,0.406363,/Users/zhoujinghe/Documents/Codex/2026-04-30/new-chat/GFC_Forest_256_10k/A/001252.png,/Users/zhoujinghe/Documents/Codex/2026-04-30/new-chat/GFC_Forest_256_10k/B/001252.png,/Users/zhoujinghe/Documents/Codex/2026-04-30/new-chat/GFC_Forest_256_10k/label/001252.png,,,,,
GFC10K-AUDIT-0133,003880,positive,val,gfc_2018_2020_expansion_amazon_bolivia_01,0.05-0.10,0.090256,0.893322,/Users/zhoujinghe/Documents/Codex/2026-04-30/new-chat/GFC_Forest_256_10k/A/003880.png,/Users/zhoujinghe/Documents/Codex/2026-04-30/new-chat/GFC_Forest_256_10k/B/003880.png,/Users/zhoujinghe/Documents/Codex/2026-04-30/new-chat/GFC_Forest_256_10k/label/003880.png,,,,,
GFC10K-AUDIT-0134,004915,positive,train,gfc_2018_2020_expansion_amazon_colombia_01,0.20-0.40,0.232285,0.606648,/Users/zhoujinghe/Documents/Codex/2026-04-30/new-chat/GFC_Forest_256_10k/A/004915.png,/Users/zhoujinghe/Documents/Codex/2026-04-30/new-chat/GFC_Forest_256_10k/B/004915.png,/Users/zhoujinghe/Documents/Codex/2026-04-30/new-chat/GFC_Forest_256_10k/label/004915.png,,,,,
GFC10K-AUDIT-0135,004534,positive,val,gfc_2018_2020_expansion_central_america_01,0.05-0.10,0.063110,0.290619,/Users/zhoujinghe/Documents/Codex/2026-04-30/new-chat/GFC_Forest_256_10k/A/004534.png,/Users/zhoujinghe/Documents/Codex/2026-04-30/new-chat/GFC_Forest_256_10k/B/004534.png,/Users/zhoujinghe/Documents/Codex/2026-04-30/new-chat/GFC_Forest_256_10k/label/004534.png,,,,,
GFC10K-AUDIT-0136,002378,positive,val,gfc_2018_2020_borneo_01,0.10-0.20,0.116837,0.379914,/Users/zhoujinghe/Documents/Codex/2026-04-30/new-chat/GFC_Forest_256_10k/A/002378.png,/Users/zhoujinghe/Documents/Codex/2026-04-30/new-chat/GFC_Forest_256_10k/B/002378.png,/Users/zhoujinghe/Documents/Codex/2026-04-30/new-chat/GFC_Forest_256_10k/label/002378.png,,,,,
GFC10K-AUDIT-0137,007795,positive,train,gfc_2018_2020_expansion_madagascar_east_01,0.05-0.10,0.093948,0.297548,/Users/zhoujinghe/Documents/Codex/2026-04-30/new-chat/GFC_Forest_256_10k/A/007795.png,/Users/zhoujinghe/Documents/Codex/2026-04-30/new-chat/GFC_Forest_256_10k/B/007795.png,/Users/zhoujinghe/Documents/Codex/2026-04-30/new-chat/GFC_Forest_256_10k/label/007795.png,,,,,
GFC10K-AUDIT-0138,000970,positive,test,gfc_2018_2020_expansion_se_asia_myanmar_01,0.10-0.20,0.165100,0.397043,/Users/zhoujinghe/Documents/Codex/2026-04-30/new-chat/GFC_Forest_256_10k/A/000970.png,/Users/zhoujinghe/Documents/Codex/2026-04-30/new-chat/GFC_Forest_256_10k/B/000970.png,/Users/zhoujinghe/Documents/Codex/2026-04-30/new-chat/GFC_Forest_256_10k/label/000970.png,,,,,
GFC10K-AUDIT-0139,007557,positive,train,gfc_2018_2020_borneo_02,0.10-0.20,0.195618,0.342824,/Users/zhoujinghe/Documents/Codex/2026-04-30/new-chat/GFC_Forest_256_10k/A/007557.png,/Users/zhoujinghe/Documents/Codex/2026-04-30/new-chat/GFC_Forest_256_10k/B/007557.png,/Users/zhoujinghe/Documents/Codex/2026-04-30/new-chat/GFC_Forest_256_10k/label/007557.png,,,,,
GFC10K-AUDIT-0140,009569,positive,train,gfc_2018_2020_expansion_central_america_01,>=0.40,0.405975,0.718973,/Users/zhoujinghe/Documents/Codex/2026-04-30/new-chat/GFC_Forest_256_10k/A/009569.png,/Users/zhoujinghe/Documents/Codex/2026-04-30/new-chat/GFC_Forest_256_10k/B/009569.png,/Users/zhoujinghe/Documents/Codex/2026-04-30/new-chat/GFC_Forest_256_10k/label/009569.png,,,,,
GFC10K-AUDIT-0141,000796,positive,test,gfc_2018_2020_expansion_amazon_guiana_01,0.10-0.20,0.133423,0.065531,/Users/zhoujinghe/Documents/Codex/2026-04-30/new-chat/GFC_Forest_256_10k/A/000796.png,/Users/zhoujinghe/Documents/Codex/2026-04-30/new-chat/GFC_Forest_256_10k/B/000796.png,/Users/zhoujinghe/Documents/Codex/2026-04-30/new-chat/GFC_Forest_256_10k/label/000796.png,,,,,
GFC10K-AUDIT-0142,006938,positive,train,gfc_2018_2020_expansion_amazon_guiana_01,0.05-0.10,0.094589,0.053234,/Users/zhoujinghe/Documents/Codex/2026-04-30/new-chat/GFC_Forest_256_10k/A/006938.png,/Users/zhoujinghe/Documents/Codex/2026-04-30/new-chat/GFC_Forest_256_10k/B/006938.png,/Users/zhoujinghe/Documents/Codex/2026-04-30/new-chat/GFC_Forest_256_10k/label/006938.png,,,,,
GFC10K-AUDIT-0143,001668,positive,val,gfc_2018_2020_expansion_andes_cloudforest_01,0.05-0.10,0.050095,0.372525,/Users/zhoujinghe/Documents/Codex/2026-04-30/new-chat/GFC_Forest_256_10k/A/001668.png,/Users/zhoujinghe/Documents/Codex/2026-04-30/new-chat/GFC_Forest_256_10k/B/001668.png,/Users/zhoujinghe/Documents/Codex/2026-04-30/new-chat/GFC_Forest_256_10k/label/001668.png,,,,,
GFC10K-AUDIT-0144,006489,positive,val,gfc_2018_2020_expansion_amazon_bolivia_01,0.10-0.20,0.101959,0.903023,/Users/zhoujinghe/Documents/Codex/2026-04-30/new-chat/GFC_Forest_256_10k/A/006489.png,/Users/zhoujinghe/Documents/Codex/2026-04-30/new-chat/GFC_Forest_256_10k/B/006489.png,/Users/zhoujinghe/Documents/Codex/2026-04-30/new-chat/GFC_Forest_256_10k/label/006489.png,,,,,
GFC10K-AUDIT-0145,005097,positive,train,gfc_2018_2020_expansion_temperate_europe_01,0.05-0.10,0.052490,0.595640,/Users/zhoujinghe/Documents/Codex/2026-04-30/new-chat/GFC_Forest_256_10k/A/005097.png,/Users/zhoujinghe/Documents/Codex/2026-04-30/new-chat/GFC_Forest_256_10k/B/005097.png,/Users/zhoujinghe/Documents/Codex/2026-04-30/new-chat/GFC_Forest_256_10k/label/005097.png,,,,,
GFC10K-AUDIT-0146,003992,positive,test,gfc_2018_2020_expansion_amazon_guiana_01,0.05-0.10,0.050095,0.156564,/Users/zhoujinghe/Documents/Codex/2026-04-30/new-chat/GFC_Forest_256_10k/A/003992.png,/Users/zhoujinghe/Documents/Codex/2026-04-30/new-chat/GFC_Forest_256_10k/B/003992.png,/Users/zhoujinghe/Documents/Codex/2026-04-30/new-chat/GFC_Forest_256_10k/label/003992.png,,,,,
GFC10K-AUDIT-0147,006631,positive,val,gfc_2018_2020_amazon_01,0.20-0.40,0.266144,0.321752,/Users/zhoujinghe/Documents/Codex/2026-04-30/new-chat/GFC_Forest_256_10k/A/006631.png,/Users/zhoujinghe/Documents/Codex/2026-04-30/new-chat/GFC_Forest_256_10k/B/006631.png,/Users/zhoujinghe/Documents/Codex/2026-04-30/new-chat/GFC_Forest_256_10k/label/006631.png,,,,,
GFC10K-AUDIT-0148,005637,positive,train,gfc_2018_2020_expansion_amazon_bolivia_01,0.20-0.40,0.244583,0.052093,/Users/zhoujinghe/Documents/Codex/2026-04-30/new-chat/GFC_Forest_256_10k/A/005637.png,/Users/zhoujinghe/Documents/Codex/2026-04-30/new-chat/GFC_Forest_256_10k/B/005637.png,/Users/zhoujinghe/Documents/Codex/2026-04-30/new-chat/GFC_Forest_256_10k/label/005637.png,,,,,
GFC10K-AUDIT-0149,001874,positive,test,gfc_2018_2020_expansion_mexico_yucatan_01,0.05-0.10,0.057877,0.795676,/Users/zhoujinghe/Documents/Codex/2026-04-30/new-chat/GFC_Forest_256_10k/A/001874.png,/Users/zhoujinghe/Documents/Codex/2026-04-30/new-chat/GFC_Forest_256_10k/B/001874.png,/Users/zhoujinghe/Documents/Codex/2026-04-30/new-chat/GFC_Forest_256_10k/label/001874.png,,,,,
GFC10K-AUDIT-0150,006985,positive,test,gfc_2018_2020_amazon_02,0.10-0.20,0.158295,0.587334,/Users/zhoujinghe/Documents/Codex/2026-04-30/new-chat/GFC_Forest_256_10k/A/006985.png,/Users/zhoujinghe/Documents/Codex/2026-04-30/new-chat/GFC_Forest_256_10k/B/006985.png,/Users/zhoujinghe/Documents/Codex/2026-04-30/new-chat/GFC_Forest_256_10k/label/006985.png,,,,,
GFC10K-AUDIT-0151,006576,positive,train,gfc_2018_2020_expansion_se_asia_borneo_03,0.10-0.20,0.123352,0.091663,/Users/zhoujinghe/Documents/Codex/2026-04-30/new-chat/GFC_Forest_256_10k/A/006576.png,/Users/zhoujinghe/Documents/Codex/2026-04-30/new-chat/GFC_Forest_256_10k/B/006576.png,/Users/zhoujinghe/Documents/Codex/2026-04-30/new-chat/GFC_Forest_256_10k/label/006576.png,,,,,
GFC10K-AUDIT-0152,004594,positive,val,gfc_2018_2020_borneo_02,0.05-0.10,0.082977,0.157595,/Users/zhoujinghe/Documents/Codex/2026-04-30/new-chat/GFC_Forest_256_10k/A/004594.png,/Users/zhoujinghe/Documents/Codex/2026-04-30/new-chat/GFC_Forest_256_10k/B/004594.png,/Users/zhoujinghe/Documents/Codex/2026-04-30/new-chat/GFC_Forest_256_10k/label/004594.png,,,,,
GFC10K-AUDIT-0153,000105,positive,train,gfc_2018_2020_expansion_central_america_01,0.05-0.10,0.084366,0.143245,/Users/zhoujinghe/Documents/Codex/2026-04-30/new-chat/GFC_Forest_256_10k/A/000105.png,/Users/zhoujinghe/Documents/Codex/2026-04-30/new-chat/GFC_Forest_256_10k/B/000105.png,/Users/zhoujinghe/Documents/Codex/2026-04-30/new-chat/GFC_Forest_256_10k/label/000105.png,,,,,
GFC10K-AUDIT-0154,000812,positive,train,gfc_2018_2020_expansion_amazon_bolivia_01,>=0.40,0.401993,0.053141,/Users/zhoujinghe/Documents/Codex/2026-04-30/new-chat/GFC_Forest_256_10k/A/000812.png,/Users/zhoujinghe/Documents/Codex/2026-04-30/new-chat/GFC_Forest_256_10k/B/000812.png,/Users/zhoujinghe/Documents/Codex/2026-04-30/new-chat/GFC_Forest_256_10k/label/000812.png,,,,,
GFC10K-AUDIT-0155,000778,positive,val,gfc_2018_2020_expansion_boreal_canada_01,0.05-0.10,0.054932,0.103611,/Users/zhoujinghe/Documents/Codex/2026-04-30/new-chat/GFC_Forest_256_10k/A/000778.png,/Users/zhoujinghe/Documents/Codex/2026-04-30/new-chat/GFC_Forest_256_10k/B/000778.png,/Users/zhoujinghe/Documents/Codex/2026-04-30/new-chat/GFC_Forest_256_10k/label/000778.png,,,,,
GFC10K-AUDIT-0156,006698,positive,val,gfc_2018_2020_expansion_se_asia_sumatra_02,0.20-0.40,0.205292,0.279025,/Users/zhoujinghe/Documents/Codex/2026-04-30/new-chat/GFC_Forest_256_10k/A/006698.png,/Users/zhoujinghe/Documents/Codex/2026-04-30/new-chat/GFC_Forest_256_10k/B/006698.png,/Users/zhoujinghe/Documents/Codex/2026-04-30/new-chat/GFC_Forest_256_10k/label/006698.png,,,,,
GFC10K-AUDIT-0157,008045,positive,train,gfc_2018_2020_expansion_se_asia_sumatra_02,0.20-0.40,0.307068,0.167064,/Users/zhoujinghe/Documents/Codex/2026-04-30/new-chat/GFC_Forest_256_10k/A/008045.png,/Users/zhoujinghe/Documents/Codex/2026-04-30/new-chat/GFC_Forest_256_10k/B/008045.png,/Users/zhoujinghe/Documents/Codex/2026-04-30/new-chat/GFC_Forest_256_10k/label/008045.png,,,,,
GFC10K-AUDIT-0158,001480,positive,train,gfc_2018_2020_amazon_02,0.10-0.20,0.125183,0.757679,/Users/zhoujinghe/Documents/Codex/2026-04-30/new-chat/GFC_Forest_256_10k/A/001480.png,/Users/zhoujinghe/Documents/Codex/2026-04-30/new-chat/GFC_Forest_256_10k/B/001480.png,/Users/zhoujinghe/Documents/Codex/2026-04-30/new-chat/GFC_Forest_256_10k/label/001480.png,,,,,
GFC10K-AUDIT-0159,005486,positive,test,gfc_2018_2020_expansion_congo_angola_01,0.05-0.10,0.068512,0.360802,/Users/zhoujinghe/Documents/Codex/2026-04-30/new-chat/GFC_Forest_256_10k/A/005486.png,/Users/zhoujinghe/Documents/Codex/2026-04-30/new-chat/GFC_Forest_256_10k/B/005486.png,/Users/zhoujinghe/Documents/Codex/2026-04-30/new-chat/GFC_Forest_256_10k/label/005486.png,,,,,
GFC10K-AUDIT-0160,006124,positive,train,gfc_2018_2020_amazon_01,0.05-0.10,0.053116,0.390405,/Users/zhoujinghe/Documents/Codex/2026-04-30/new-chat/GFC_Forest_256_10k/A/006124.png,/Users/zhoujinghe/Documents/Codex/2026-04-30/new-chat/GFC_Forest_256_10k/B/006124.png,/Users/zhoujinghe/Documents/Codex/2026-04-30/new-chat/GFC_Forest_256_10k/label/006124.png,,,,,
GFC10K-AUDIT-0161,009214,positive,val,gfc_2018_2020_expansion_temperate_europe_01,0.05-0.10,0.094299,0.564401,/Users/zhoujinghe/Documents/Codex/2026-04-30/new-chat/GFC_Forest_256_10k/A/009214.png,/Users/zhoujinghe/Documents/Codex/2026-04-30/new-chat/GFC_Forest_256_10k/B/009214.png,/Users/zhoujinghe/Documents/Codex/2026-04-30/new-chat/GFC_Forest_256_10k/label/009214.png,,,,,
GFC10K-AUDIT-0162,008102,positive,val,gfc_2018_2020_expansion_boreal_canada_01,>=0.40,0.633972,0.978940,/Users/zhoujinghe/Documents/Codex/2026-04-30/new-chat/GFC_Forest_256_10k/A/008102.png,/Users/zhoujinghe/Documents/Codex/2026-04-30/new-chat/GFC_Forest_256_10k/B/008102.png,/Users/zhoujinghe/Documents/Codex/2026-04-30/new-chat/GFC_Forest_256_10k/label/008102.png,,,,,
GFC10K-AUDIT-0163,009578,positive,train,gfc_2018_2020_expansion_se_asia_myanmar_01,0.10-0.20,0.115005,0.395648,/Users/zhoujinghe/Documents/Codex/2026-04-30/new-chat/GFC_Forest_256_10k/A/009578.png,/Users/zhoujinghe/Documents/Codex/2026-04-30/new-chat/GFC_Forest_256_10k/B/009578.png,/Users/zhoujinghe/Documents/Codex/2026-04-30/new-chat/GFC_Forest_256_10k/label/009578.png,,,,,
GFC10K-AUDIT-0164,003423,positive,test,gfc_2018_2020_borneo_02,0.10-0.20,0.163040,0.465793,/Users/zhoujinghe/Documents/Codex/2026-04-30/new-chat/GFC_Forest_256_10k/A/003423.png,/Users/zhoujinghe/Documents/Codex/2026-04-30/new-chat/GFC_Forest_256_10k/B/003423.png,/Users/zhoujinghe/Documents/Codex/2026-04-30/new-chat/GFC_Forest_256_10k/label/003423.png,,,,,
GFC10K-AUDIT-0165,009914,positive,val,gfc_2018_2020_amazon_02,0.05-0.10,0.094727,0.480831,/Users/zhoujinghe/Documents/Codex/2026-04-30/new-chat/GFC_Forest_256_10k/A/009914.png,/Users/zhoujinghe/Documents/Codex/2026-04-30/new-chat/GFC_Forest_256_10k/B/009914.png,/Users/zhoujinghe/Documents/Codex/2026-04-30/new-chat/GFC_Forest_256_10k/label/009914.png,,,,,
GFC10K-AUDIT-0166,008451,positive,train,gfc_2018_2020_expansion_boreal_siberia_01,>=0.40,0.627426,0.839855,/Users/zhoujinghe/Documents/Codex/2026-04-30/new-chat/GFC_Forest_256_10k/A/008451.png,/Users/zhoujinghe/Documents/Codex/2026-04-30/new-chat/GFC_Forest_256_10k/B/008451.png,/Users/zhoujinghe/Documents/Codex/2026-04-30/new-chat/GFC_Forest_256_10k/label/008451.png,,,,,
GFC10K-AUDIT-0167,005250,positive,val,gfc_2018_2020_expansion_se_asia_myanmar_01,0.05-0.10,0.051346,0.382764,/Users/zhoujinghe/Documents/Codex/2026-04-30/new-chat/GFC_Forest_256_10k/A/005250.png,/Users/zhoujinghe/Documents/Codex/2026-04-30/new-chat/GFC_Forest_256_10k/B/005250.png,/Users/zhoujinghe/Documents/Codex/2026-04-30/new-chat/GFC_Forest_256_10k/label/005250.png,,,,,
GFC10K-AUDIT-0168,005798,positive,val,gfc_2018_2020_expansion_se_asia_sumatra_02,0.10-0.20,0.182449,0.129548,/Users/zhoujinghe/Documents/Codex/2026-04-30/new-chat/GFC_Forest_256_10k/A/005798.png,/Users/zhoujinghe/Documents/Codex/2026-04-30/new-chat/GFC_Forest_256_10k/B/005798.png,/Users/zhoujinghe/Documents/Codex/2026-04-30/new-chat/GFC_Forest_256_10k/label/005798.png,,,,,
GFC10K-AUDIT-0169,008672,positive,train,gfc_2018_2020_expansion_madagascar_east_01,0.10-0.20,0.153244,0.351190,/Users/zhoujinghe/Documents/Codex/2026-04-30/new-chat/GFC_Forest_256_10k/A/008672.png,/Users/zhoujinghe/Documents/Codex/2026-04-30/new-chat/GFC_Forest_256_10k/B/008672.png,/Users/zhoujinghe/Documents/Codex/2026-04-30/new-chat/GFC_Forest_256_10k/label/008672.png,,,,,
GFC10K-AUDIT-0170,002859,positive,train,gfc_2018_2020_expansion_andes_cloudforest_01,0.10-0.20,0.175079,0.500959,/Users/zhoujinghe/Documents/Codex/2026-04-30/new-chat/GFC_Forest_256_10k/A/002859.png,/Users/zhoujinghe/Documents/Codex/2026-04-30/new-chat/GFC_Forest_256_10k/B/002859.png,/Users/zhoujinghe/Documents/Codex/2026-04-30/new-chat/GFC_Forest_256_10k/label/002859.png,,,,,
GFC10K-AUDIT-0171,008330,positive,train,gfc_2018_2020_expansion_congo_caf_01,0.05-0.10,0.085480,0.274902,/Users/zhoujinghe/Documents/Codex/2026-04-30/new-chat/GFC_Forest_256_10k/A/008330.png,/Users/zhoujinghe/Documents/Codex/2026-04-30/new-chat/GFC_Forest_256_10k/B/008330.png,/Users/zhoujinghe/Documents/Codex/2026-04-30/new-chat/GFC_Forest_256_10k/label/008330.png,,,,,
GFC10K-AUDIT-0172,008336,positive,train,gfc_2018_2020_expansion_boreal_canada_01,>=0.40,0.622787,0.999510,/Users/zhoujinghe/Documents/Codex/2026-04-30/new-chat/GFC_Forest_256_10k/A/008336.png,/Users/zhoujinghe/Documents/Codex/2026-04-30/new-chat/GFC_Forest_256_10k/B/008336.png,/Users/zhoujinghe/Documents/Codex/2026-04-30/new-chat/GFC_Forest_256_10k/label/008336.png,,,,,
GFC10K-AUDIT-0173,007001,positive,train,gfc_2018_2020_amazon_02,0.20-0.40,0.338867,0.114283,/Users/zhoujinghe/Documents/Codex/2026-04-30/new-chat/GFC_Forest_256_10k/A/007001.png,/Users/zhoujinghe/Documents/Codex/2026-04-30/new-chat/GFC_Forest_256_10k/B/007001.png,/Users/zhoujinghe/Documents/Codex/2026-04-30/new-chat/GFC_Forest_256_10k/label/007001.png,,,,,
GFC10K-AUDIT-0174,004735,positive,val,gfc_2018_2020_expansion_madagascar_east_01,0.10-0.20,0.139481,0.171097,/Users/zhoujinghe/Documents/Codex/2026-04-30/new-chat/GFC_Forest_256_10k/A/004735.png,/Users/zhoujinghe/Documents/Codex/2026-04-30/new-chat/GFC_Forest_256_10k/B/004735.png,/Users/zhoujinghe/Documents/Codex/2026-04-30/new-chat/GFC_Forest_256_10k/label/004735.png,,,,,
GFC10K-AUDIT-0175,005627,positive,val,gfc_2018_2020_expansion_se_asia_borneo_03,0.05-0.10,0.051529,0.276873,/Users/zhoujinghe/Documents/Codex/2026-04-30/new-chat/GFC_Forest_256_10k/A/005627.png,/Users/zhoujinghe/Documents/Codex/2026-04-30/new-chat/GFC_Forest_256_10k/B/005627.png,/Users/zhoujinghe/Documents/Codex/2026-04-30/new-chat/GFC_Forest_256_10k/label/005627.png,,,,,
GFC10K-AUDIT-0176,005514,positive,train,gfc_2018_2020_expansion_boreal_canada_01,0.20-0.40,0.304825,0.977474,/Users/zhoujinghe/Documents/Codex/2026-04-30/new-chat/GFC_Forest_256_10k/A/005514.png,/Users/zhoujinghe/Documents/Codex/2026-04-30/new-chat/GFC_Forest_256_10k/B/005514.png,/Users/zhoujinghe/Documents/Codex/2026-04-30/new-chat/GFC_Forest_256_10k/label/005514.png,,,,,
GFC10K-AUDIT-0177,004354,positive,train,gfc_2018_2020_expansion_andes_cloudforest_01,0.05-0.10,0.073929,0.369866,/Users/zhoujinghe/Documents/Codex/2026-04-30/new-chat/GFC_Forest_256_10k/A/004354.png,/Users/zhoujinghe/Documents/Codex/2026-04-30/new-chat/GFC_Forest_256_10k/B/004354.png,/Users/zhoujinghe/Documents/Codex/2026-04-30/new-chat/GFC_Forest_256_10k/label/004354.png,,,,,
GFC10K-AUDIT-0178,002129,positive,val,gfc_2018_2020_expansion_boreal_siberia_01,0.10-0.20,0.131729,0.603962,/Users/zhoujinghe/Documents/Codex/2026-04-30/new-chat/GFC_Forest_256_10k/A/002129.png,/Users/zhoujinghe/Documents/Codex/2026-04-30/new-chat/GFC_Forest_256_10k/B/002129.png,/Users/zhoujinghe/Documents/Codex/2026-04-30/new-chat/GFC_Forest_256_10k/label/002129.png,,,,,
GFC10K-AUDIT-0179,008888,positive,train,gfc_2018_2020_expansion_se_asia_sumatra_02,0.05-0.10,0.050720,0.372142,/Users/zhoujinghe/Documents/Codex/2026-04-30/new-chat/GFC_Forest_256_10k/A/008888.png,/Users/zhoujinghe/Documents/Codex/2026-04-30/new-chat/GFC_Forest_256_10k/B/008888.png,/Users/zhoujinghe/Documents/Codex/2026-04-30/new-chat/GFC_Forest_256_10k/label/008888.png,,,,,
GFC10K-AUDIT-0180,001613,positive,test,gfc_2018_2020_expansion_boreal_canada_01,>=0.40,0.622116,0.998259,/Users/zhoujinghe/Documents/Codex/2026-04-30/new-chat/GFC_Forest_256_10k/A/001613.png,/Users/zhoujinghe/Documents/Codex/2026-04-30/new-chat/GFC_Forest_256_10k/B/001613.png,/Users/zhoujinghe/Documents/Codex/2026-04-30/new-chat/GFC_Forest_256_10k/label/001613.png,,,,,
GFC10K-AUDIT-0181,008761,positive,test,gfc_2018_2020_expansion_se_asia_borneo_03,>=0.40,0.433914,0.382389,/Users/zhoujinghe/Documents/Codex/2026-04-30/new-chat/GFC_Forest_256_10k/A/008761.png,/Users/zhoujinghe/Documents/Codex/2026-04-30/new-chat/GFC_Forest_256_10k/B/008761.png,/Users/zhoujinghe/Documents/Codex/2026-04-30/new-chat/GFC_Forest_256_10k/label/008761.png,,,,,
GFC10K-AUDIT-0182,008257,positive,test,gfc_2018_2020_expansion_se_asia_myanmar_01,0.05-0.10,0.071243,0.372457,/Users/zhoujinghe/Documents/Codex/2026-04-30/new-chat/GFC_Forest_256_10k/A/008257.png,/Users/zhoujinghe/Documents/Codex/2026-04-30/new-chat/GFC_Forest_256_10k/B/008257.png,/Users/zhoujinghe/Documents/Codex/2026-04-30/new-chat/GFC_Forest_256_10k/label/008257.png,,,,,
GFC10K-AUDIT-0183,002632,positive,val,gfc_2018_2020_expansion_boreal_siberia_01,0.05-0.10,0.061432,0.109538,/Users/zhoujinghe/Documents/Codex/2026-04-30/new-chat/GFC_Forest_256_10k/A/002632.png,/Users/zhoujinghe/Documents/Codex/2026-04-30/new-chat/GFC_Forest_256_10k/B/002632.png,/Users/zhoujinghe/Documents/Codex/2026-04-30/new-chat/GFC_Forest_256_10k/label/002632.png,,,,,
GFC10K-AUDIT-0184,001424,positive,test,gfc_2018_2020_expansion_andes_cloudforest_01,0.10-0.20,0.101730,0.055197,/Users/zhoujinghe/Documents/Codex/2026-04-30/new-chat/GFC_Forest_256_10k/A/001424.png,/Users/zhoujinghe/Documents/Codex/2026-04-30/new-chat/GFC_Forest_256_10k/B/001424.png,/Users/zhoujinghe/Documents/Codex/2026-04-30/new-chat/GFC_Forest_256_10k/label/001424.png,,,,,
GFC10K-AUDIT-0185,009023,positive,val,gfc_2018_2020_expansion_mexico_yucatan_01,0.10-0.20,0.139542,0.137999,/Users/zhoujinghe/Documents/Codex/2026-04-30/new-chat/GFC_Forest_256_10k/A/009023.png,/Users/zhoujinghe/Documents/Codex/2026-04-30/new-chat/GFC_Forest_256_10k/B/009023.png,/Users/zhoujinghe/Documents/Codex/2026-04-30/new-chat/GFC_Forest_256_10k/label/009023.png,,,,,
GFC10K-AUDIT-0186,005541,positive,val,gfc_2018_2020_borneo_01,0.05-0.10,0.056427,0.564630,/Users/zhoujinghe/Documents/Codex/2026-04-30/new-chat/GFC_Forest_256_10k/A/005541.png,/Users/zhoujinghe/Documents/Codex/2026-04-30/new-chat/GFC_Forest_256_10k/B/005541.png,/Users/zhoujinghe/Documents/Codex/2026-04-30/new-chat/GFC_Forest_256_10k/label/005541.png,,,,,
GFC10K-AUDIT-0187,009562,positive,val,gfc_2018_2020_expansion_amazon_venezuela_01,0.05-0.10,0.056412,0.378144,/Users/zhoujinghe/Documents/Codex/2026-04-30/new-chat/GFC_Forest_256_10k/A/009562.png,/Users/zhoujinghe/Documents/Codex/2026-04-30/new-chat/GFC_Forest_256_10k/B/009562.png,/Users/zhoujinghe/Documents/Codex/2026-04-30/new-chat/GFC_Forest_256_10k/label/009562.png,,,,,
GFC10K-AUDIT-0188,003598,positive,test,gfc_2018_2020_expansion_boreal_canada_01,0.10-0.20,0.169266,0.384747,/Users/zhoujinghe/Documents/Codex/2026-04-30/new-chat/GFC_Forest_256_10k/A/003598.png,/Users/zhoujinghe/Documents/Codex/2026-04-30/new-chat/GFC_Forest_256_10k/B/003598.png,/Users/zhoujinghe/Documents/Codex/2026-04-30/new-chat/GFC_Forest_256_10k/label/003598.png,,,,,
GFC10K-AUDIT-0189,002986,positive,train,gfc_2018_2020_expansion_central_america_01,0.10-0.20,0.176346,0.256901,/Users/zhoujinghe/Documents/Codex/2026-04-30/new-chat/GFC_Forest_256_10k/A/002986.png,/Users/zhoujinghe/Documents/Codex/2026-04-30/new-chat/GFC_Forest_256_10k/B/002986.png,/Users/zhoujinghe/Documents/Codex/2026-04-30/new-chat/GFC_Forest_256_10k/label/002986.png,,,,,
GFC10K-AUDIT-0190,009268,positive,val,gfc_2018_2020_amazon_02,0.20-0.40,0.373383,0.161708,/Users/zhoujinghe/Documents/Codex/2026-04-30/new-chat/GFC_Forest_256_10k/A/009268.png,/Users/zhoujinghe/Documents/Codex/2026-04-30/new-chat/GFC_Forest_256_10k/B/009268.png,/Users/zhoujinghe/Documents/Codex/2026-04-30/new-chat/GFC_Forest_256_10k/label/009268.png,,,,,
GFC10K-AUDIT-0191,000104,positive,train,gfc_2018_2020_expansion_central_america_01,0.20-0.40,0.398758,0.081736,/Users/zhoujinghe/Documents/Codex/2026-04-30/new-chat/GFC_Forest_256_10k/A/000104.png,/Users/zhoujinghe/Documents/Codex/2026-04-30/new-chat/GFC_Forest_256_10k/B/000104.png,/Users/zhoujinghe/Documents/Codex/2026-04-30/new-chat/GFC_Forest_256_10k/label/000104.png,,,,,
GFC10K-AUDIT-0192,006597,positive,train,gfc_2018_2020_expansion_congo_caf_01,0.10-0.20,0.182526,0.303461,/Users/zhoujinghe/Documents/Codex/2026-04-30/new-chat/GFC_Forest_256_10k/A/006597.png,/Users/zhoujinghe/Documents/Codex/2026-04-30/new-chat/GFC_Forest_256_10k/B/006597.png,/Users/zhoujinghe/Documents/Codex/2026-04-30/new-chat/GFC_Forest_256_10k/label/006597.png,,,,,
GFC10K-AUDIT-0193,008444,positive,test,gfc_2018_2020_borneo_02,0.05-0.10,0.062119,0.296242,/Users/zhoujinghe/Documents/Codex/2026-04-30/new-chat/GFC_Forest_256_10k/A/008444.png,/Users/zhoujinghe/Documents/Codex/2026-04-30/new-chat/GFC_Forest_256_10k/B/008444.png,/Users/zhoujinghe/Documents/Codex/2026-04-30/new-chat/GFC_Forest_256_10k/label/008444.png,,,,,
GFC10K-AUDIT-0194,004195,positive,val,gfc_2018_2020_expansion_se_asia_sumatra_02,0.05-0.10,0.068771,0.441535,/Users/zhoujinghe/Documents/Codex/2026-04-30/new-chat/GFC_Forest_256_10k/A/004195.png,/Users/zhoujinghe/Documents/Codex/2026-04-30/new-chat/GFC_Forest_256_10k/B/004195.png,/Users/zhoujinghe/Documents/Codex/2026-04-30/new-chat/GFC_Forest_256_10k/label/004195.png,,,,,
GFC10K-AUDIT-0195,003795,positive,val,gfc_2018_2020_expansion_amazon_colombia_01,0.05-0.10,0.056488,0.631280,/Users/zhoujinghe/Documents/Codex/2026-04-30/new-chat/GFC_Forest_256_10k/A/003795.png,/Users/zhoujinghe/Documents/Codex/2026-04-30/new-chat/GFC_Forest_256_10k/B/003795.png,/Users/zhoujinghe/Documents/Codex/2026-04-30/new-chat/GFC_Forest_256_10k/label/003795.png,,,,,
GFC10K-AUDIT-0196,003669,positive,test,gfc_2018_2020_expansion_madagascar_east_01,0.20-0.40,0.236816,0.351997,/Users/zhoujinghe/Documents/Codex/2026-04-30/new-chat/GFC_Forest_256_10k/A/003669.png,/Users/zhoujinghe/Documents/Codex/2026-04-30/new-chat/GFC_Forest_256_10k/B/003669.png,/Users/zhoujinghe/Documents/Codex/2026-04-30/new-chat/GFC_Forest_256_10k/label/003669.png,,,,,
GFC10K-AUDIT-0197,003966,positive,test,gfc_2018_2020_borneo_02,0.20-0.40,0.221054,0.854490,/Users/zhoujinghe/Documents/Codex/2026-04-30/new-chat/GFC_Forest_256_10k/A/003966.png,/Users/zhoujinghe/Documents/Codex/2026-04-30/new-chat/GFC_Forest_256_10k/B/003966.png,/Users/zhoujinghe/Documents/Codex/2026-04-30/new-chat/GFC_Forest_256_10k/label/003966.png,,,,,
GFC10K-AUDIT-0198,003876,positive,test,gfc_2018_2020_amazon_02,0.05-0.10,0.069077,0.060968,/Users/zhoujinghe/Documents/Codex/2026-04-30/new-chat/GFC_Forest_256_10k/A/003876.png,/Users/zhoujinghe/Documents/Codex/2026-04-30/new-chat/GFC_Forest_256_10k/B/003876.png,/Users/zhoujinghe/Documents/Codex/2026-04-30/new-chat/GFC_Forest_256_10k/label/003876.png,,,,,
GFC10K-AUDIT-0199,007553,positive,train,gfc_2018_2020_expansion_amazon_bolivia_01,0.10-0.20,0.113861,0.113776,/Users/zhoujinghe/Documents/Codex/2026-04-30/new-chat/GFC_Forest_256_10k/A/007553.png,/Users/zhoujinghe/Documents/Codex/2026-04-30/new-chat/GFC_Forest_256_10k/B/007553.png,/Users/zhoujinghe/Documents/Codex/2026-04-30/new-chat/GFC_Forest_256_10k/label/007553.png,,,,,
GFC10K-AUDIT-0200,006611,positive,train,gfc_2018_2020_amazon_01,>=0.40,0.491562,0.215862,/Users/zhoujinghe/Documents/Codex/2026-04-30/new-chat/GFC_Forest_256_10k/A/006611.png,/Users/zhoujinghe/Documents/Codex/2026-04-30/new-chat/GFC_Forest_256_10k/B/006611.png,/Users/zhoujinghe/Documents/Codex/2026-04-30/new-chat/GFC_Forest_256_10k/label/006611.png,,,,,
GFC10K-AUDIT-0201,007108,positive,test,gfc_2018_2020_expansion_boreal_siberia_01,0.05-0.10,0.091629,0.274438,/Users/zhoujinghe/Documents/Codex/2026-04-30/new-chat/GFC_Forest_256_10k/A/007108.png,/Users/zhoujinghe/Documents/Codex/2026-04-30/new-chat/GFC_Forest_256_10k/B/007108.png,/Users/zhoujinghe/Documents/Codex/2026-04-30/new-chat/GFC_Forest_256_10k/label/007108.png,,,,,
GFC10K-AUDIT-0202,003227,positive,train,gfc_2018_2020_expansion_se_asia_myanmar_01,0.20-0.40,0.208481,0.311059,/Users/zhoujinghe/Documents/Codex/2026-04-30/new-chat/GFC_Forest_256_10k/A/003227.png,/Users/zhoujinghe/Documents/Codex/2026-04-30/new-chat/GFC_Forest_256_10k/B/003227.png,/Users/zhoujinghe/Documents/Codex/2026-04-30/new-chat/GFC_Forest_256_10k/label/003227.png,,,,,
GFC10K-AUDIT-0203,006837,positive,test,gfc_2018_2020_expansion_boreal_siberia_01,0.10-0.20,0.108505,0.258192,/Users/zhoujinghe/Documents/Codex/2026-04-30/new-chat/GFC_Forest_256_10k/A/006837.png,/Users/zhoujinghe/Documents/Codex/2026-04-30/new-chat/GFC_Forest_256_10k/B/006837.png,/Users/zhoujinghe/Documents/Codex/2026-04-30/new-chat/GFC_Forest_256_10k/label/006837.png,,,,,
GFC10K-AUDIT-0204,002261,positive,val,gfc_2018_2020_expansion_se_asia_papua_01,0.05-0.10,0.052032,0.394721,/Users/zhoujinghe/Documents/Codex/2026-04-30/new-chat/GFC_Forest_256_10k/A/002261.png,/Users/zhoujinghe/Documents/Codex/2026-04-30/new-chat/GFC_Forest_256_10k/B/002261.png,/Users/zhoujinghe/Documents/Codex/2026-04-30/new-chat/GFC_Forest_256_10k/label/002261.png,,,,,
GFC10K-AUDIT-0205,003960,positive,test,gfc_2018_2020_expansion_temperate_europe_01,0.05-0.10,0.050140,0.305539,/Users/zhoujinghe/Documents/Codex/2026-04-30/new-chat/GFC_Forest_256_10k/A/003960.png,/Users/zhoujinghe/Documents/Codex/2026-04-30/new-chat/GFC_Forest_256_10k/B/003960.png,/Users/zhoujinghe/Documents/Codex/2026-04-30/new-chat/GFC_Forest_256_10k/label/003960.png,,,,,
GFC10K-AUDIT-0206,001261,positive,train,gfc_2018_2020_expansion_boreal_siberia_01,0.20-0.40,0.222260,0.431210,/Users/zhoujinghe/Documents/Codex/2026-04-30/new-chat/GFC_Forest_256_10k/A/001261.png,/Users/zhoujinghe/Documents/Codex/2026-04-30/new-chat/GFC_Forest_256_10k/B/001261.png,/Users/zhoujinghe/Documents/Codex/2026-04-30/new-chat/GFC_Forest_256_10k/label/001261.png,,,,,
GFC10K-AUDIT-0207,006054,positive,train,gfc_2018_2020_expansion_congo_cameroon_01,0.10-0.20,0.109314,0.334590,/Users/zhoujinghe/Documents/Codex/2026-04-30/new-chat/GFC_Forest_256_10k/A/006054.png,/Users/zhoujinghe/Documents/Codex/2026-04-30/new-chat/GFC_Forest_256_10k/B/006054.png,/Users/zhoujinghe/Documents/Codex/2026-04-30/new-chat/GFC_Forest_256_10k/label/006054.png,,,,,
GFC10K-AUDIT-0208,004692,positive,train,gfc_2018_2020_expansion_temperate_china_01,0.05-0.10,0.078659,0.340640,/Users/zhoujinghe/Documents/Codex/2026-04-30/new-chat/GFC_Forest_256_10k/A/004692.png,/Users/zhoujinghe/Documents/Codex/2026-04-30/new-chat/GFC_Forest_256_10k/B/004692.png,/Users/zhoujinghe/Documents/Codex/2026-04-30/new-chat/GFC_Forest_256_10k/label/004692.png,,,,,
GFC10K-AUDIT-0209,003798,positive,train,gfc_2018_2020_expansion_amazon_venezuela_01,0.10-0.20,0.106079,0.830409,/Users/zhoujinghe/Documents/Codex/2026-04-30/new-chat/GFC_Forest_256_10k/A/003798.png,/Users/zhoujinghe/Documents/Codex/2026-04-30/new-chat/GFC_Forest_256_10k/B/003798.png,/Users/zhoujinghe/Documents/Codex/2026-04-30/new-chat/GFC_Forest_256_10k/label/003798.png,,,,,
GFC10K-AUDIT-0210,002774,positive,train,gfc_2018_2020_expansion_amazon_colombia_01,0.05-0.10,0.064590,0.660524,/Users/zhoujinghe/Documents/Codex/2026-04-30/new-chat/GFC_Forest_256_10k/A/002774.png,/Users/zhoujinghe/Documents/Codex/2026-04-30/new-chat/GFC_Forest_256_10k/B/002774.png,/Users/zhoujinghe/Documents/Codex/2026-04-30/new-chat/GFC_Forest_256_10k/label/002774.png,,,,,
GFC10K-AUDIT-0211,004747,positive,train,gfc_2018_2020_amazon_01,0.10-0.20,0.170059,0.272319,/Users/zhoujinghe/Documents/Codex/2026-04-30/new-chat/GFC_Forest_256_10k/A/004747.png,/Users/zhoujinghe/Documents/Codex/2026-04-30/new-chat/GFC_Forest_256_10k/B/004747.png,/Users/zhoujinghe/Documents/Codex/2026-04-30/new-chat/GFC_Forest_256_10k/label/004747.png,,,,,
GFC10K-AUDIT-0212,003328,positive,train,gfc_2018_2020_amazon_02,0.05-0.10,0.079575,0.122915,/Users/zhoujinghe/Documents/Codex/2026-04-30/new-chat/GFC_Forest_256_10k/A/003328.png,/Users/zhoujinghe/Documents/Codex/2026-04-30/new-chat/GFC_Forest_256_10k/B/003328.png,/Users/zhoujinghe/Documents/Codex/2026-04-30/new-chat/GFC_Forest_256_10k/label/003328.png,,,,,
GFC10K-AUDIT-0213,007061,positive,val,gfc_2018_2020_amazon_02,0.10-0.20,0.122025,0.522321,/Users/zhoujinghe/Documents/Codex/2026-04-30/new-chat/GFC_Forest_256_10k/A/007061.png,/Users/zhoujinghe/Documents/Codex/2026-04-30/new-chat/GFC_Forest_256_10k/B/007061.png,/Users/zhoujinghe/Documents/Codex/2026-04-30/new-chat/GFC_Forest_256_10k/label/007061.png,,,,,
GFC10K-AUDIT-0214,000111,positive,val,gfc_2018_2020_borneo_02,>=0.40,0.513000,0.184949,/Users/zhoujinghe/Documents/Codex/2026-04-30/new-chat/GFC_Forest_256_10k/A/000111.png,/Users/zhoujinghe/Documents/Codex/2026-04-30/new-chat/GFC_Forest_256_10k/B/000111.png,/Users/zhoujinghe/Documents/Codex/2026-04-30/new-chat/GFC_Forest_256_10k/label/000111.png,,,,,
GFC10K-AUDIT-0215,001681,positive,train,gfc_2018_2020_expansion_mexico_yucatan_01,0.10-0.20,0.141861,0.315586,/Users/zhoujinghe/Documents/Codex/2026-04-30/new-chat/GFC_Forest_256_10k/A/001681.png,/Users/zhoujinghe/Documents/Codex/2026-04-30/new-chat/GFC_Forest_256_10k/B/001681.png,/Users/zhoujinghe/Documents/Codex/2026-04-30/new-chat/GFC_Forest_256_10k/label/001681.png,,,,,
GFC10K-AUDIT-0216,006157,positive,train,gfc_2018_2020_expansion_congo_angola_01,0.10-0.20,0.153854,0.449668,/Users/zhoujinghe/Documents/Codex/2026-04-30/new-chat/GFC_Forest_256_10k/A/006157.png,/Users/zhoujinghe/Documents/Codex/2026-04-30/new-chat/GFC_Forest_256_10k/B/006157.png,/Users/zhoujinghe/Documents/Codex/2026-04-30/new-chat/GFC_Forest_256_10k/label/006157.png,,,,,
GFC10K-AUDIT-0217,008976,positive,train,gfc_2018_2020_expansion_temperate_china_01,0.10-0.20,0.131958,0.329787,/Users/zhoujinghe/Documents/Codex/2026-04-30/new-chat/GFC_Forest_256_10k/A/008976.png,/Users/zhoujinghe/Documents/Codex/2026-04-30/new-chat/GFC_Forest_256_10k/B/008976.png,/Users/zhoujinghe/Documents/Codex/2026-04-30/new-chat/GFC_Forest_256_10k/label/008976.png,,,,,
GFC10K-AUDIT-0218,002091,positive,train,gfc_2018_2020_expansion_congo_cameroon_01,0.05-0.10,0.055984,0.086945,/Users/zhoujinghe/Documents/Codex/2026-04-30/new-chat/GFC_Forest_256_10k/A/002091.png,/Users/zhoujinghe/Documents/Codex/2026-04-30/new-chat/GFC_Forest_256_10k/B/002091.png,/Users/zhoujinghe/Documents/Codex/2026-04-30/new-chat/GFC_Forest_256_10k/label/002091.png,,,,,
GFC10K-AUDIT-0219,008038,positive,test,gfc_2018_2020_expansion_congo_caf_01,0.05-0.10,0.080017,0.280130,/Users/zhoujinghe/Documents/Codex/2026-04-30/new-chat/GFC_Forest_256_10k/A/008038.png,/Users/zhoujinghe/Documents/Codex/2026-04-30/new-chat/GFC_Forest_256_10k/B/008038.png,/Users/zhoujinghe/Documents/Codex/2026-04-30/new-chat/GFC_Forest_256_10k/label/008038.png,,,,,
GFC10K-AUDIT-0220,009771,positive,val,gfc_2018_2020_expansion_madagascar_east_01,0.05-0.10,0.078476,0.390822,/Users/zhoujinghe/Documents/Codex/2026-04-30/new-chat/GFC_Forest_256_10k/A/009771.png,/Users/zhoujinghe/Documents/Codex/2026-04-30/new-chat/GFC_Forest_256_10k/B/009771.png,/Users/zhoujinghe/Documents/Codex/2026-04-30/new-chat/GFC_Forest_256_10k/label/009771.png,,,,,
GFC10K-AUDIT-0221,000384,positive,train,gfc_2018_2020_expansion_se_asia_borneo_03,0.05-0.10,0.061111,0.440699,/Users/zhoujinghe/Documents/Codex/2026-04-30/new-chat/GFC_Forest_256_10k/A/000384.png,/Users/zhoujinghe/Documents/Codex/2026-04-30/new-chat/GFC_Forest_256_10k/B/000384.png,/Users/zhoujinghe/Documents/Codex/2026-04-30/new-chat/GFC_Forest_256_10k/label/000384.png,,,,,
GFC10K-AUDIT-0222,000748,positive,train,gfc_2018_2020_expansion_se_asia_borneo_03,0.20-0.40,0.205322,0.639566,/Users/zhoujinghe/Documents/Codex/2026-04-30/new-chat/GFC_Forest_256_10k/A/000748.png,/Users/zhoujinghe/Documents/Codex/2026-04-30/new-chat/GFC_Forest_256_10k/B/000748.png,/Users/zhoujinghe/Documents/Codex/2026-04-30/new-chat/GFC_Forest_256_10k/label/000748.png,,,,,
GFC10K-AUDIT-0223,001428,positive,train,gfc_2018_2020_expansion_mexico_yucatan_01,0.20-0.40,0.208588,0.481931,/Users/zhoujinghe/Documents/Codex/2026-04-30/new-chat/GFC_Forest_256_10k/A/001428.png,/Users/zhoujinghe/Documents/Codex/2026-04-30/new-chat/GFC_Forest_256_10k/B/001428.png,/Users/zhoujinghe/Documents/Codex/2026-04-30/new-chat/GFC_Forest_256_10k/label/001428.png,,,,,
GFC10K-AUDIT-0224,000049,positive,train,gfc_2018_2020_borneo_02,0.20-0.40,0.276062,0.488945,/Users/zhoujinghe/Documents/Codex/2026-04-30/new-chat/GFC_Forest_256_10k/A/000049.png,/Users/zhoujinghe/Documents/Codex/2026-04-30/new-chat/GFC_Forest_256_10k/B/000049.png,/Users/zhoujinghe/Documents/Codex/2026-04-30/new-chat/GFC_Forest_256_10k/label/000049.png,,,,,
GFC10K-AUDIT-0225,002094,positive,train,gfc_2018_2020_expansion_boreal_siberia_01,0.10-0.20,0.160797,1.000000,/Users/zhoujinghe/Documents/Codex/2026-04-30/new-chat/GFC_Forest_256_10k/A/002094.png,/Users/zhoujinghe/Documents/Codex/2026-04-30/new-chat/GFC_Forest_256_10k/B/002094.png,/Users/zhoujinghe/Documents/Codex/2026-04-30/new-chat/GFC_Forest_256_10k/label/002094.png,,,,,
GFC10K-AUDIT-0226,007094,positive,val,gfc_2018_2020_expansion_congo_caf_01,0.05-0.10,0.082214,0.472160,/Users/zhoujinghe/Documents/Codex/2026-04-30/new-chat/GFC_Forest_256_10k/A/007094.png,/Users/zhoujinghe/Documents/Codex/2026-04-30/new-chat/GFC_Forest_256_10k/B/007094.png,/Users/zhoujinghe/Documents/Codex/2026-04-30/new-chat/GFC_Forest_256_10k/label/007094.png,,,,,
GFC10K-AUDIT-0227,005326,positive,test,gfc_2018_2020_expansion_congo_angola_01,0.10-0.20,0.101257,0.247438,/Users/zhoujinghe/Documents/Codex/2026-04-30/new-chat/GFC_Forest_256_10k/A/005326.png,/Users/zhoujinghe/Documents/Codex/2026-04-30/new-chat/GFC_Forest_256_10k/B/005326.png,/Users/zhoujinghe/Documents/Codex/2026-04-30/new-chat/GFC_Forest_256_10k/label/005326.png,,,,,
GFC10K-AUDIT-0228,007079,positive,val,gfc_2018_2020_expansion_congo_angola_01,0.10-0.20,0.177246,0.292786,/Users/zhoujinghe/Documents/Codex/2026-04-30/new-chat/GFC_Forest_256_10k/A/007079.png,/Users/zhoujinghe/Documents/Codex/2026-04-30/new-chat/GFC_Forest_256_10k/B/007079.png,/Users/zhoujinghe/Documents/Codex/2026-04-30/new-chat/GFC_Forest_256_10k/label/007079.png,,,,,
GFC10K-AUDIT-0229,001349,positive,val,gfc_2018_2020_expansion_temperate_china_01,0.05-0.10,0.061508,0.422972,/Users/zhoujinghe/Documents/Codex/2026-04-30/new-chat/GFC_Forest_256_10k/A/001349.png,/Users/zhoujinghe/Documents/Codex/2026-04-30/new-chat/GFC_Forest_256_10k/B/001349.png,/Users/zhoujinghe/Documents/Codex/2026-04-30/new-chat/GFC_Forest_256_10k/label/001349.png,,,,,
GFC10K-AUDIT-0230,003889,positive,val,gfc_2018_2020_expansion_congo_cameroon_01,0.05-0.10,0.058426,0.266910,/Users/zhoujinghe/Documents/Codex/2026-04-30/new-chat/GFC_Forest_256_10k/A/003889.png,/Users/zhoujinghe/Documents/Codex/2026-04-30/new-chat/GFC_Forest_256_10k/B/003889.png,/Users/zhoujinghe/Documents/Codex/2026-04-30/new-chat/GFC_Forest_256_10k/label/003889.png,,,,,
GFC10K-AUDIT-0231,008068,positive,val,gfc_2018_2020_expansion_boreal_canada_01,0.10-0.20,0.182373,0.814759,/Users/zhoujinghe/Documents/Codex/2026-04-30/new-chat/GFC_Forest_256_10k/A/008068.png,/Users/zhoujinghe/Documents/Codex/2026-04-30/new-chat/GFC_Forest_256_10k/B/008068.png,/Users/zhoujinghe/Documents/Codex/2026-04-30/new-chat/GFC_Forest_256_10k/label/008068.png,,,,,
GFC10K-AUDIT-0232,009400,positive,test,gfc_2018_2020_expansion_mexico_yucatan_01,0.20-0.40,0.214066,0.139283,/Users/zhoujinghe/Documents/Codex/2026-04-30/new-chat/GFC_Forest_256_10k/A/009400.png,/Users/zhoujinghe/Documents/Codex/2026-04-30/new-chat/GFC_Forest_256_10k/B/009400.png,/Users/zhoujinghe/Documents/Codex/2026-04-30/new-chat/GFC_Forest_256_10k/label/009400.png,,,,,
GFC10K-AUDIT-0233,004802,positive,val,gfc_2018_2020_expansion_congo_angola_01,0.05-0.10,0.066940,0.342831,/Users/zhoujinghe/Documents/Codex/2026-04-30/new-chat/GFC_Forest_256_10k/A/004802.png,/Users/zhoujinghe/Documents/Codex/2026-04-30/new-chat/GFC_Forest_256_10k/B/004802.png,/Users/zhoujinghe/Documents/Codex/2026-04-30/new-chat/GFC_Forest_256_10k/label/004802.png,,,,,
GFC10K-AUDIT-0234,005763,positive,test,gfc_2018_2020_borneo_01,0.05-0.10,0.057480,0.096098,/Users/zhoujinghe/Documents/Codex/2026-04-30/new-chat/GFC_Forest_256_10k/A/005763.png,/Users/zhoujinghe/Documents/Codex/2026-04-30/new-chat/GFC_Forest_256_10k/B/005763.png,/Users/zhoujinghe/Documents/Codex/2026-04-30/new-chat/GFC_Forest_256_10k/label/005763.png,,,,,
GFC10K-AUDIT-0235,000073,positive,train,gfc_2018_2020_expansion_amazon_guiana_01,0.20-0.40,0.371460,0.104174,/Users/zhoujinghe/Documents/Codex/2026-04-30/new-chat/GFC_Forest_256_10k/A/000073.png,/Users/zhoujinghe/Documents/Codex/2026-04-30/new-chat/GFC_Forest_256_10k/B/000073.png,/Users/zhoujinghe/Documents/Codex/2026-04-30/new-chat/GFC_Forest_256_10k/label/000073.png,,,,,
GFC10K-AUDIT-0236,007725,positive,test,gfc_2018_2020_amazon_01,0.20-0.40,0.257233,0.359592,/Users/zhoujinghe/Documents/Codex/2026-04-30/new-chat/GFC_Forest_256_10k/A/007725.png,/Users/zhoujinghe/Documents/Codex/2026-04-30/new-chat/GFC_Forest_256_10k/B/007725.png,/Users/zhoujinghe/Documents/Codex/2026-04-30/new-chat/GFC_Forest_256_10k/label/007725.png,,,,,
GFC10K-AUDIT-0237,001537,positive,test,gfc_2018_2020_expansion_amazon_bolivia_01,0.05-0.10,0.057129,0.502404,/Users/zhoujinghe/Documents/Codex/2026-04-30/new-chat/GFC_Forest_256_10k/A/001537.png,/Users/zhoujinghe/Documents/Codex/2026-04-30/new-chat/GFC_Forest_256_10k/B/001537.png,/Users/zhoujinghe/Documents/Codex/2026-04-30/new-chat/GFC_Forest_256_10k/label/001537.png,,,,,
GFC10K-AUDIT-0238,000106,positive,test,gfc_2018_2020_expansion_temperate_china_01,0.05-0.10,0.067429,0.163838,/Users/zhoujinghe/Documents/Codex/2026-04-30/new-chat/GFC_Forest_256_10k/A/000106.png,/Users/zhoujinghe/Documents/Codex/2026-04-30/new-chat/GFC_Forest_256_10k/B/000106.png,/Users/zhoujinghe/Documents/Codex/2026-04-30/new-chat/GFC_Forest_256_10k/label/000106.png,,,,,
GFC10K-AUDIT-0239,004152,positive,val,gfc_2018_2020_borneo_02,0.10-0.20,0.139496,0.120871,/Users/zhoujinghe/Documents/Codex/2026-04-30/new-chat/GFC_Forest_256_10k/A/004152.png,/Users/zhoujinghe/Documents/Codex/2026-04-30/new-chat/GFC_Forest_256_10k/B/004152.png,/Users/zhoujinghe/Documents/Codex/2026-04-30/new-chat/GFC_Forest_256_10k/label/004152.png,,,,,
GFC10K-AUDIT-0240,004384,positive,train,gfc_2018_2020_expansion_mexico_yucatan_01,>=0.40,0.402573,0.187962,/Users/zhoujinghe/Documents/Codex/2026-04-30/new-chat/GFC_Forest_256_10k/A/004384.png,/Users/zhoujinghe/Documents/Codex/2026-04-30/new-chat/GFC_Forest_256_10k/B/004384.png,/Users/zhoujinghe/Documents/Codex/2026-04-30/new-chat/GFC_Forest_256_10k/label/004384.png,,,,,
GFC10K-AUDIT-0241,000472,positive,train,gfc_2018_2020_expansion_boreal_siberia_01,0.05-0.10,0.086014,0.160724,/Users/zhoujinghe/Documents/Codex/2026-04-30/new-chat/GFC_Forest_256_10k/A/000472.png,/Users/zhoujinghe/Documents/Codex/2026-04-30/new-chat/GFC_Forest_256_10k/B/000472.png,/Users/zhoujinghe/Documents/Codex/2026-04-30/new-chat/GFC_Forest_256_10k/label/000472.png,,,,,
GFC10K-AUDIT-0242,004373,positive,test,gfc_2018_2020_amazon_01,0.10-0.20,0.140915,0.245479,/Users/zhoujinghe/Documents/Codex/2026-04-30/new-chat/GFC_Forest_256_10k/A/004373.png,/Users/zhoujinghe/Documents/Codex/2026-04-30/new-chat/GFC_Forest_256_10k/B/004373.png,/Users/zhoujinghe/Documents/Codex/2026-04-30/new-chat/GFC_Forest_256_10k/label/004373.png,,,,,
GFC10K-AUDIT-0243,001877,positive,test,gfc_2018_2020_expansion_boreal_canada_01,0.05-0.10,0.072632,0.202731,/Users/zhoujinghe/Documents/Codex/2026-04-30/new-chat/GFC_Forest_256_10k/A/001877.png,/Users/zhoujinghe/Documents/Codex/2026-04-30/new-chat/GFC_Forest_256_10k/B/001877.png,/Users/zhoujinghe/Documents/Codex/2026-04-30/new-chat/GFC_Forest_256_10k/label/001877.png,,,,,
GFC10K-AUDIT-0244,007752,positive,test,gfc_2018_2020_expansion_central_america_01,0.20-0.40,0.202087,0.090532,/Users/zhoujinghe/Documents/Codex/2026-04-30/new-chat/GFC_Forest_256_10k/A/007752.png,/Users/zhoujinghe/Documents/Codex/2026-04-30/new-chat/GFC_Forest_256_10k/B/007752.png,/Users/zhoujinghe/Documents/Codex/2026-04-30/new-chat/GFC_Forest_256_10k/label/007752.png,,,,,
GFC10K-AUDIT-0245,002023,positive,val,gfc_2018_2020_amazon_01,0.10-0.20,0.105194,0.366841,/Users/zhoujinghe/Documents/Codex/2026-04-30/new-chat/GFC_Forest_256_10k/A/002023.png,/Users/zhoujinghe/Documents/Codex/2026-04-30/new-chat/GFC_Forest_256_10k/B/002023.png,/Users/zhoujinghe/Documents/Codex/2026-04-30/new-chat/GFC_Forest_256_10k/label/002023.png,,,,,
GFC10K-AUDIT-0246,003408,positive,train,gfc_2018_2020_expansion_amazon_venezuela_01,0.05-0.10,0.069672,0.403636,/Users/zhoujinghe/Documents/Codex/2026-04-30/new-chat/GFC_Forest_256_10k/A/003408.png,/Users/zhoujinghe/Documents/Codex/2026-04-30/new-chat/GFC_Forest_256_10k/B/003408.png,/Users/zhoujinghe/Documents/Codex/2026-04-30/new-chat/GFC_Forest_256_10k/label/003408.png,,,,,
GFC10K-AUDIT-0247,003958,positive,test,gfc_2018_2020_expansion_se_asia_sumatra_02,0.10-0.20,0.192627,0.194708,/Users/zhoujinghe/Documents/Codex/2026-04-30/new-chat/GFC_Forest_256_10k/A/003958.png,/Users/zhoujinghe/Documents/Codex/2026-04-30/new-chat/GFC_Forest_256_10k/B/003958.png,/Users/zhoujinghe/Documents/Codex/2026-04-30/new-chat/GFC_Forest_256_10k/label/003958.png,,,,,
GFC10K-AUDIT-0248,003231,positive,train,gfc_2018_2020_expansion_mexico_yucatan_01,0.05-0.10,0.052811,0.382259,/Users/zhoujinghe/Documents/Codex/2026-04-30/new-chat/GFC_Forest_256_10k/A/003231.png,/Users/zhoujinghe/Documents/Codex/2026-04-30/new-chat/GFC_Forest_256_10k/B/003231.png,/Users/zhoujinghe/Documents/Codex/2026-04-30/new-chat/GFC_Forest_256_10k/label/003231.png,,,,,
GFC10K-AUDIT-0249,001952,positive,test,gfc_2018_2020_expansion_se_asia_borneo_03,0.05-0.10,0.060013,0.403763,/Users/zhoujinghe/Documents/Codex/2026-04-30/new-chat/GFC_Forest_256_10k/A/001952.png,/Users/zhoujinghe/Documents/Codex/2026-04-30/new-chat/GFC_Forest_256_10k/B/001952.png,/Users/zhoujinghe/Documents/Codex/2026-04-30/new-chat/GFC_Forest_256_10k/label/001952.png,,,,,
GFC10K-AUDIT-0250,005775,positive,val,gfc_2018_2020_amazon_01,0.05-0.10,0.082611,0.373107,/Users/zhoujinghe/Documents/Codex/2026-04-30/new-chat/GFC_Forest_256_10k/A/005775.png,/Users/zhoujinghe/Documents/Codex/2026-04-30/new-chat/GFC_Forest_256_10k/B/005775.png,/Users/zhoujinghe/Documents/Codex/2026-04-30/new-chat/GFC_Forest_256_10k/label/005775.png,,,,,
GFC10K-AUDIT-0251,005552,positive,test,gfc_2018_2020_expansion_andes_cloudforest_01,0.05-0.10,0.052597,0.367856,/Users/zhoujinghe/Documents/Codex/2026-04-30/new-chat/GFC_Forest_256_10k/A/005552.png,/Users/zhoujinghe/Documents/Codex/2026-04-30/new-chat/GFC_Forest_256_10k/B/005552.png,/Users/zhoujinghe/Documents/Codex/2026-04-30/new-chat/GFC_Forest_256_10k/label/005552.png,,,,,
GFC10K-AUDIT-0252,004258,positive,test,gfc_2018_2020_expansion_se_asia_borneo_03,0.10-0.20,0.142212,0.151288,/Users/zhoujinghe/Documents/Codex/2026-04-30/new-chat/GFC_Forest_256_10k/A/004258.png,/Users/zhoujinghe/Documents/Codex/2026-04-30/new-chat/GFC_Forest_256_10k/B/004258.png,/Users/zhoujinghe/Documents/Codex/2026-04-30/new-chat/GFC_Forest_256_10k/label/004258.png,,,,,
GFC10K-AUDIT-0253,009922,positive,test,gfc_2018_2020_expansion_central_america_01,0.05-0.10,0.058472,0.354645,/Users/zhoujinghe/Documents/Codex/2026-04-30/new-chat/GFC_Forest_256_10k/A/009922.png,/Users/zhoujinghe/Documents/Codex/2026-04-30/new-chat/GFC_Forest_256_10k/B/009922.png,/Users/zhoujinghe/Documents/Codex/2026-04-30/new-chat/GFC_Forest_256_10k/label/009922.png,,,,,
GFC10K-AUDIT-0254,007906,positive,test,gfc_2018_2020_expansion_mexico_yucatan_01,0.10-0.20,0.112473,0.356125,/Users/zhoujinghe/Documents/Codex/2026-04-30/new-chat/GFC_Forest_256_10k/A/007906.png,/Users/zhoujinghe/Documents/Codex/2026-04-30/new-chat/GFC_Forest_256_10k/B/007906.png,/Users/zhoujinghe/Documents/Codex/2026-04-30/new-chat/GFC_Forest_256_10k/label/007906.png,,,,,
GFC10K-AUDIT-0255,001420,positive,train,gfc_2018_2020_expansion_se_asia_papua_01,0.05-0.10,0.057816,0.396411,/Users/zhoujinghe/Documents/Codex/2026-04-30/new-chat/GFC_Forest_256_10k/A/001420.png,/Users/zhoujinghe/Documents/Codex/2026-04-30/new-chat/GFC_Forest_256_10k/B/001420.png,/Users/zhoujinghe/Documents/Codex/2026-04-30/new-chat/GFC_Forest_256_10k/label/001420.png,,,,,
GFC10K-AUDIT-0256,006114,positive,test,gfc_2018_2020_expansion_se_asia_borneo_03,0.20-0.40,0.200256,0.984761,/Users/zhoujinghe/Documents/Codex/2026-04-30/new-chat/GFC_Forest_256_10k/A/006114.png,/Users/zhoujinghe/Documents/Codex/2026-04-30/new-chat/GFC_Forest_256_10k/B/006114.png,/Users/zhoujinghe/Documents/Codex/2026-04-30/new-chat/GFC_Forest_256_10k/label/006114.png,,,,,
GFC10K-AUDIT-0257,002163,positive,train,gfc_2018_2020_expansion_amazon_bolivia_01,0.05-0.10,0.071198,0.074153,/Users/zhoujinghe/Documents/Codex/2026-04-30/new-chat/GFC_Forest_256_10k/A/002163.png,/Users/zhoujinghe/Documents/Codex/2026-04-30/new-chat/GFC_Forest_256_10k/B/002163.png,/Users/zhoujinghe/Documents/Codex/2026-04-30/new-chat/GFC_Forest_256_10k/label/002163.png,,,,,
GFC10K-AUDIT-0258,009754,positive,train,gfc_2018_2020_expansion_se_asia_borneo_03,>=0.40,0.434250,0.073123,/Users/zhoujinghe/Documents/Codex/2026-04-30/new-chat/GFC_Forest_256_10k/A/009754.png,/Users/zhoujinghe/Documents/Codex/2026-04-30/new-chat/GFC_Forest_256_10k/B/009754.png,/Users/zhoujinghe/Documents/Codex/2026-04-30/new-chat/GFC_Forest_256_10k/label/009754.png,,,,,
GFC10K-AUDIT-0259,005005,positive,train,gfc_2018_2020_expansion_se_asia_myanmar_01,0.05-0.10,0.060730,0.133920,/Users/zhoujinghe/Documents/Codex/2026-04-30/new-chat/GFC_Forest_256_10k/A/005005.png,/Users/zhoujinghe/Documents/Codex/2026-04-30/new-chat/GFC_Forest_256_10k/B/005005.png,/Users/zhoujinghe/Documents/Codex/2026-04-30/new-chat/GFC_Forest_256_10k/label/005005.png,,,,,
GFC10K-AUDIT-0260,007750,positive,test,gfc_2018_2020_amazon_01,0.05-0.10,0.058807,0.322522,/Users/zhoujinghe/Documents/Codex/2026-04-30/new-chat/GFC_Forest_256_10k/A/007750.png,/Users/zhoujinghe/Documents/Codex/2026-04-30/new-chat/GFC_Forest_256_10k/B/007750.png,/Users/zhoujinghe/Documents/Codex/2026-04-30/new-chat/GFC_Forest_256_10k/label/007750.png,,,,,
GFC10K-AUDIT-0261,002460,positive,train,gfc_2018_2020_borneo_02,>=0.40,0.496521,0.342747,/Users/zhoujinghe/Documents/Codex/2026-04-30/new-chat/GFC_Forest_256_10k/A/002460.png,/Users/zhoujinghe/Documents/Codex/2026-04-30/new-chat/GFC_Forest_256_10k/B/002460.png,/Users/zhoujinghe/Documents/Codex/2026-04-30/new-chat/GFC_Forest_256_10k/label/002460.png,,,,,
GFC10K-AUDIT-0262,003405,positive,test,gfc_2018_2020_expansion_temperate_china_01,0.10-0.20,0.141373,0.124987,/Users/zhoujinghe/Documents/Codex/2026-04-30/new-chat/GFC_Forest_256_10k/A/003405.png,/Users/zhoujinghe/Documents/Codex/2026-04-30/new-chat/GFC_Forest_256_10k/B/003405.png,/Users/zhoujinghe/Documents/Codex/2026-04-30/new-chat/GFC_Forest_256_10k/label/003405.png,,,,,
GFC10K-AUDIT-0263,006160,positive,val,gfc_2018_2020_expansion_se_asia_borneo_03,0.10-0.20,0.117966,0.620877,/Users/zhoujinghe/Documents/Codex/2026-04-30/new-chat/GFC_Forest_256_10k/A/006160.png,/Users/zhoujinghe/Documents/Codex/2026-04-30/new-chat/GFC_Forest_256_10k/B/006160.png,/Users/zhoujinghe/Documents/Codex/2026-04-30/new-chat/GFC_Forest_256_10k/label/006160.png,,,,,
GFC10K-AUDIT-0264,000145,positive,train,gfc_2018_2020_expansion_boreal_canada_01,0.10-0.20,0.157867,0.100522,/Users/zhoujinghe/Documents/Codex/2026-04-30/new-chat/GFC_Forest_256_10k/A/000145.png,/Users/zhoujinghe/Documents/Codex/2026-04-30/new-chat/GFC_Forest_256_10k/B/000145.png,/Users/zhoujinghe/Documents/Codex/2026-04-30/new-chat/GFC_Forest_256_10k/label/000145.png,,,,,
GFC10K-AUDIT-0265,004926,positive,train,gfc_2018_2020_expansion_madagascar_east_01,0.20-0.40,0.210556,0.262700,/Users/zhoujinghe/Documents/Codex/2026-04-30/new-chat/GFC_Forest_256_10k/A/004926.png,/Users/zhoujinghe/Documents/Codex/2026-04-30/new-chat/GFC_Forest_256_10k/B/004926.png,/Users/zhoujinghe/Documents/Codex/2026-04-30/new-chat/GFC_Forest_256_10k/label/004926.png,,,,,
GFC10K-AUDIT-0266,008474,positive,train,gfc_2018_2020_expansion_amazon_colombia_01,0.10-0.20,0.197876,0.367983,/Users/zhoujinghe/Documents/Codex/2026-04-30/new-chat/GFC_Forest_256_10k/A/008474.png,/Users/zhoujinghe/Documents/Codex/2026-04-30/new-chat/GFC_Forest_256_10k/B/008474.png,/Users/zhoujinghe/Documents/Codex/2026-04-30/new-chat/GFC_Forest_256_10k/label/008474.png,,,,,
GFC10K-AUDIT-0267,006772,positive,test,gfc_2018_2020_expansion_se_asia_sumatra_02,0.05-0.10,0.059769,0.290528,/Users/zhoujinghe/Documents/Codex/2026-04-30/new-chat/GFC_Forest_256_10k/A/006772.png,/Users/zhoujinghe/Documents/Codex/2026-04-30/new-chat/GFC_Forest_256_10k/B/006772.png,/Users/zhoujinghe/Documents/Codex/2026-04-30/new-chat/GFC_Forest_256_10k/label/006772.png,,,,,
GFC10K-AUDIT-0268,006473,positive,train,gfc_2018_2020_expansion_se_asia_sumatra_02,0.10-0.20,0.159515,0.298833,/Users/zhoujinghe/Documents/Codex/2026-04-30/new-chat/GFC_Forest_256_10k/A/006473.png,/Users/zhoujinghe/Documents/Codex/2026-04-30/new-chat/GFC_Forest_256_10k/B/006473.png,/Users/zhoujinghe/Documents/Codex/2026-04-30/new-chat/GFC_Forest_256_10k/label/006473.png,,,,,
GFC10K-AUDIT-0269,005557,positive,train,gfc_2018_2020_expansion_congo_angola_01,0.05-0.10,0.051071,0.358530,/Users/zhoujinghe/Documents/Codex/2026-04-30/new-chat/GFC_Forest_256_10k/A/005557.png,/Users/zhoujinghe/Documents/Codex/2026-04-30/new-chat/GFC_Forest_256_10k/B/005557.png,/Users/zhoujinghe/Documents/Codex/2026-04-30/new-chat/GFC_Forest_256_10k/label/005557.png,,,,,
GFC10K-AUDIT-0270,000559,positive,train,gfc_2018_2020_amazon_01,0.20-0.40,0.389877,0.123361,/Users/zhoujinghe/Documents/Codex/2026-04-30/new-chat/GFC_Forest_256_10k/A/000559.png,/Users/zhoujinghe/Documents/Codex/2026-04-30/new-chat/GFC_Forest_256_10k/B/000559.png,/Users/zhoujinghe/Documents/Codex/2026-04-30/new-chat/GFC_Forest_256_10k/label/000559.png,,,,,
GFC10K-AUDIT-0271,009739,positive,val,gfc_2018_2020_expansion_boreal_canada_01,0.20-0.40,0.366104,0.999792,/Users/zhoujinghe/Documents/Codex/2026-04-30/new-chat/GFC_Forest_256_10k/A/009739.png,/Users/zhoujinghe/Documents/Codex/2026-04-30/new-chat/GFC_Forest_256_10k/B/009739.png,/Users/zhoujinghe/Documents/Codex/2026-04-30/new-chat/GFC_Forest_256_10k/label/009739.png,,,,,
GFC10K-AUDIT-0272,007671,positive,train,gfc_2018_2020_expansion_australia_queensland_01,0.05-0.10,0.055450,0.584205,/Users/zhoujinghe/Documents/Codex/2026-04-30/new-chat/GFC_Forest_256_10k/A/007671.png,/Users/zhoujinghe/Documents/Codex/2026-04-30/new-chat/GFC_Forest_256_10k/B/007671.png,/Users/zhoujinghe/Documents/Codex/2026-04-30/new-chat/GFC_Forest_256_10k/label/007671.png,,,,,
GFC10K-AUDIT-0273,006421,positive,test,gfc_2018_2020_expansion_madagascar_east_01,0.10-0.20,0.155472,0.408382,/Users/zhoujinghe/Documents/Codex/2026-04-30/new-chat/GFC_Forest_256_10k/A/006421.png,/Users/zhoujinghe/Documents/Codex/2026-04-30/new-chat/GFC_Forest_256_10k/B/006421.png,/Users/zhoujinghe/Documents/Codex/2026-04-30/new-chat/GFC_Forest_256_10k/label/006421.png,,,,,
GFC10K-AUDIT-0274,003614,positive,test,gfc_2018_2020_expansion_se_asia_sumatra_02,0.20-0.40,0.204849,0.350391,/Users/zhoujinghe/Documents/Codex/2026-04-30/new-chat/GFC_Forest_256_10k/A/003614.png,/Users/zhoujinghe/Documents/Codex/2026-04-30/new-chat/GFC_Forest_256_10k/B/003614.png,/Users/zhoujinghe/Documents/Codex/2026-04-30/new-chat/GFC_Forest_256_10k/label/003614.png,,,,,
GFC10K-AUDIT-0275,006883,positive,test,gfc_2018_2020_expansion_boreal_canada_01,0.20-0.40,0.348602,0.997899,/Users/zhoujinghe/Documents/Codex/2026-04-30/new-chat/GFC_Forest_256_10k/A/006883.png,/Users/zhoujinghe/Documents/Codex/2026-04-30/new-chat/GFC_Forest_256_10k/B/006883.png,/Users/zhoujinghe/Documents/Codex/2026-04-30/new-chat/GFC_Forest_256_10k/label/006883.png,,,,,
GFC10K-AUDIT-0276,007972,positive,train,gfc_2018_2020_expansion_boreal_canada_01,0.05-0.10,0.098465,0.340617,/Users/zhoujinghe/Documents/Codex/2026-04-30/new-chat/GFC_Forest_256_10k/A/007972.png,/Users/zhoujinghe/Documents/Codex/2026-04-30/new-chat/GFC_Forest_256_10k/B/007972.png,/Users/zhoujinghe/Documents/Codex/2026-04-30/new-chat/GFC_Forest_256_10k/label/007972.png,,,,,
GFC10K-AUDIT-0277,000642,positive,train,gfc_2018_2020_borneo_02,0.05-0.10,0.087326,0.304036,/Users/zhoujinghe/Documents/Codex/2026-04-30/new-chat/GFC_Forest_256_10k/A/000642.png,/Users/zhoujinghe/Documents/Codex/2026-04-30/new-chat/GFC_Forest_256_10k/B/000642.png,/Users/zhoujinghe/Documents/Codex/2026-04-30/new-chat/GFC_Forest_256_10k/label/000642.png,,,,,
GFC10K-AUDIT-0278,004520,positive,train,gfc_2018_2020_borneo_01,0.05-0.10,0.051804,0.092784,/Users/zhoujinghe/Documents/Codex/2026-04-30/new-chat/GFC_Forest_256_10k/A/004520.png,/Users/zhoujinghe/Documents/Codex/2026-04-30/new-chat/GFC_Forest_256_10k/B/004520.png,/Users/zhoujinghe/Documents/Codex/2026-04-30/new-chat/GFC_Forest_256_10k/label/004520.png,,,,,
GFC10K-AUDIT-0279,002601,positive,train,gfc_2018_2020_borneo_01,0.10-0.20,0.128769,0.183790,/Users/zhoujinghe/Documents/Codex/2026-04-30/new-chat/GFC_Forest_256_10k/A/002601.png,/Users/zhoujinghe/Documents/Codex/2026-04-30/new-chat/GFC_Forest_256_10k/B/002601.png,/Users/zhoujinghe/Documents/Codex/2026-04-30/new-chat/GFC_Forest_256_10k/label/002601.png,,,,,
GFC10K-AUDIT-0280,001214,positive,test,gfc_2018_2020_expansion_congo_cameroon_01,0.05-0.10,0.052994,0.325079,/Users/zhoujinghe/Documents/Codex/2026-04-30/new-chat/GFC_Forest_256_10k/A/001214.png,/Users/zhoujinghe/Documents/Codex/2026-04-30/new-chat/GFC_Forest_256_10k/B/001214.png,/Users/zhoujinghe/Documents/Codex/2026-04-30/new-chat/GFC_Forest_256_10k/label/001214.png,,,,,
GFC10K-AUDIT-0281,008367,positive,test,gfc_2018_2020_expansion_boreal_siberia_01,0.20-0.40,0.200775,0.451056,/Users/zhoujinghe/Documents/Codex/2026-04-30/new-chat/GFC_Forest_256_10k/A/008367.png,/Users/zhoujinghe/Documents/Codex/2026-04-30/new-chat/GFC_Forest_256_10k/B/008367.png,/Users/zhoujinghe/Documents/Codex/2026-04-30/new-chat/GFC_Forest_256_10k/label/008367.png,,,,,
GFC10K-AUDIT-0282,003019,positive,val,gfc_2018_2020_expansion_mexico_yucatan_01,0.05-0.10,0.067551,0.282132,/Users/zhoujinghe/Documents/Codex/2026-04-30/new-chat/GFC_Forest_256_10k/A/003019.png,/Users/zhoujinghe/Documents/Codex/2026-04-30/new-chat/GFC_Forest_256_10k/B/003019.png,/Users/zhoujinghe/Documents/Codex/2026-04-30/new-chat/GFC_Forest_256_10k/label/003019.png,,,,,
GFC10K-AUDIT-0283,005181,positive,train,gfc_2018_2020_expansion_congo_angola_01,0.20-0.40,0.200974,0.459342,/Users/zhoujinghe/Documents/Codex/2026-04-30/new-chat/GFC_Forest_256_10k/A/005181.png,/Users/zhoujinghe/Documents/Codex/2026-04-30/new-chat/GFC_Forest_256_10k/B/005181.png,/Users/zhoujinghe/Documents/Codex/2026-04-30/new-chat/GFC_Forest_256_10k/label/005181.png,,,,,
GFC10K-AUDIT-0284,003587,positive,val,gfc_2018_2020_expansion_amazon_guiana_01,0.05-0.10,0.056335,0.159263,/Users/zhoujinghe/Documents/Codex/2026-04-30/new-chat/GFC_Forest_256_10k/A/003587.png,/Users/zhoujinghe/Documents/Codex/2026-04-30/new-chat/GFC_Forest_256_10k/B/003587.png,/Users/zhoujinghe/Documents/Codex/2026-04-30/new-chat/GFC_Forest_256_10k/label/003587.png,,,,,
GFC10K-AUDIT-0285,006689,positive,val,gfc_2018_2020_expansion_temperate_china_01,0.10-0.20,0.123047,0.212798,/Users/zhoujinghe/Documents/Codex/2026-04-30/new-chat/GFC_Forest_256_10k/A/006689.png,/Users/zhoujinghe/Documents/Codex/2026-04-30/new-chat/GFC_Forest_256_10k/B/006689.png,/Users/zhoujinghe/Documents/Codex/2026-04-30/new-chat/GFC_Forest_256_10k/label/006689.png,,,,,
GFC10K-AUDIT-0286,001861,positive,train,gfc_2018_2020_expansion_congo_caf_01,0.20-0.40,0.228226,0.311092,/Users/zhoujinghe/Documents/Codex/2026-04-30/new-chat/GFC_Forest_256_10k/A/001861.png,/Users/zhoujinghe/Documents/Codex/2026-04-30/new-chat/GFC_Forest_256_10k/B/001861.png,/Users/zhoujinghe/Documents/Codex/2026-04-30/new-chat/GFC_Forest_256_10k/label/001861.png,,,,,
GFC10K-AUDIT-0287,009549,positive,test,gfc_2018_2020_expansion_congo_caf_01,0.10-0.20,0.100540,0.396115,/Users/zhoujinghe/Documents/Codex/2026-04-30/new-chat/GFC_Forest_256_10k/A/009549.png,/Users/zhoujinghe/Documents/Codex/2026-04-30/new-chat/GFC_Forest_256_10k/B/009549.png,/Users/zhoujinghe/Documents/Codex/2026-04-30/new-chat/GFC_Forest_256_10k/label/009549.png,,,,,
GFC10K-AUDIT-0288,008293,positive,test,gfc_2018_2020_expansion_central_america_01,0.10-0.20,0.138245,0.165453,/Users/zhoujinghe/Documents/Codex/2026-04-30/new-chat/GFC_Forest_256_10k/A/008293.png,/Users/zhoujinghe/Documents/Codex/2026-04-30/new-chat/GFC_Forest_256_10k/B/008293.png,/Users/zhoujinghe/Documents/Codex/2026-04-30/new-chat/GFC_Forest_256_10k/label/008293.png,,,,,
GFC10K-AUDIT-0289,007475,positive,val,gfc_2018_2020_expansion_central_america_01,0.10-0.20,0.153488,0.263247,/Users/zhoujinghe/Documents/Codex/2026-04-30/new-chat/GFC_Forest_256_10k/A/007475.png,/Users/zhoujinghe/Documents/Codex/2026-04-30/new-chat/GFC_Forest_256_10k/B/007475.png,/Users/zhoujinghe/Documents/Codex/2026-04-30/new-chat/GFC_Forest_256_10k/label/007475.png,,,,,
GFC10K-AUDIT-0290,008687,positive,test,gfc_2018_2020_expansion_se_asia_papua_01,0.05-0.10,0.061539,0.292338,/Users/zhoujinghe/Documents/Codex/2026-04-30/new-chat/GFC_Forest_256_10k/A/008687.png,/Users/zhoujinghe/Documents/Codex/2026-04-30/new-chat/GFC_Forest_256_10k/B/008687.png,/Users/zhoujinghe/Documents/Codex/2026-04-30/new-chat/GFC_Forest_256_10k/label/008687.png,,,,,
GFC10K-AUDIT-0291,006501,positive,train,gfc_2018_2020_expansion_se_asia_sumatra_02,>=0.40,0.768570,0.342631,/Users/zhoujinghe/Documents/Codex/2026-04-30/new-chat/GFC_Forest_256_10k/A/006501.png,/Users/zhoujinghe/Documents/Codex/2026-04-30/new-chat/GFC_Forest_256_10k/B/006501.png,/Users/zhoujinghe/Documents/Codex/2026-04-30/new-chat/GFC_Forest_256_10k/label/006501.png,,,,,
GFC10K-AUDIT-0292,002443,positive,test,gfc_2018_2020_expansion_madagascar_east_01,0.05-0.10,0.063538,0.409702,/Users/zhoujinghe/Documents/Codex/2026-04-30/new-chat/GFC_Forest_256_10k/A/002443.png,/Users/zhoujinghe/Documents/Codex/2026-04-30/new-chat/GFC_Forest_256_10k/B/002443.png,/Users/zhoujinghe/Documents/Codex/2026-04-30/new-chat/GFC_Forest_256_10k/label/002443.png,,,,,
GFC10K-AUDIT-0293,007870,positive,val,gfc_2018_2020_expansion_andes_cloudforest_01,0.10-0.20,0.100555,0.482246,/Users/zhoujinghe/Documents/Codex/2026-04-30/new-chat/GFC_Forest_256_10k/A/007870.png,/Users/zhoujinghe/Documents/Codex/2026-04-30/new-chat/GFC_Forest_256_10k/B/007870.png,/Users/zhoujinghe/Documents/Codex/2026-04-30/new-chat/GFC_Forest_256_10k/label/007870.png,,,,,
GFC10K-AUDIT-0294,008541,positive,train,gfc_2018_2020_amazon_02,>=0.40,0.407928,0.384716,/Users/zhoujinghe/Documents/Codex/2026-04-30/new-chat/GFC_Forest_256_10k/A/008541.png,/Users/zhoujinghe/Documents/Codex/2026-04-30/new-chat/GFC_Forest_256_10k/B/008541.png,/Users/zhoujinghe/Documents/Codex/2026-04-30/new-chat/GFC_Forest_256_10k/label/008541.png,,,,,
GFC10K-AUDIT-0295,001673,positive,train,gfc_2018_2020_expansion_amazon_guiana_01,0.10-0.20,0.121460,0.069724,/Users/zhoujinghe/Documents/Codex/2026-04-30/new-chat/GFC_Forest_256_10k/A/001673.png,/Users/zhoujinghe/Documents/Codex/2026-04-30/new-chat/GFC_Forest_256_10k/B/001673.png,/Users/zhoujinghe/Documents/Codex/2026-04-30/new-chat/GFC_Forest_256_10k/label/001673.png,,,,,
GFC10K-AUDIT-0296,004461,positive,train,gfc_2018_2020_expansion_temperate_europe_01,0.10-0.20,0.102142,0.219749,/Users/zhoujinghe/Documents/Codex/2026-04-30/new-chat/GFC_Forest_256_10k/A/004461.png,/Users/zhoujinghe/Documents/Codex/2026-04-30/new-chat/GFC_Forest_256_10k/B/004461.png,/Users/zhoujinghe/Documents/Codex/2026-04-30/new-chat/GFC_Forest_256_10k/label/004461.png,,,,,
GFC10K-AUDIT-0297,006082,positive,val,gfc_2018_2020_expansion_congo_caf_01,0.10-0.20,0.110138,0.423802,/Users/zhoujinghe/Documents/Codex/2026-04-30/new-chat/GFC_Forest_256_10k/A/006082.png,/Users/zhoujinghe/Documents/Codex/2026-04-30/new-chat/GFC_Forest_256_10k/B/006082.png,/Users/zhoujinghe/Documents/Codex/2026-04-30/new-chat/GFC_Forest_256_10k/label/006082.png,,,,,
GFC10K-AUDIT-0298,002233,positive,val,gfc_2018_2020_expansion_amazon_bolivia_01,0.05-0.10,0.053284,0.060137,/Users/zhoujinghe/Documents/Codex/2026-04-30/new-chat/GFC_Forest_256_10k/A/002233.png,/Users/zhoujinghe/Documents/Codex/2026-04-30/new-chat/GFC_Forest_256_10k/B/002233.png,/Users/zhoujinghe/Documents/Codex/2026-04-30/new-chat/GFC_Forest_256_10k/label/002233.png,,,,,
GFC10K-AUDIT-0299,009767,positive,train,gfc_2018_2020_expansion_amazon_colombia_01,0.20-0.40,0.251816,0.345755,/Users/zhoujinghe/Documents/Codex/2026-04-30/new-chat/GFC_Forest_256_10k/A/009767.png,/Users/zhoujinghe/Documents/Codex/2026-04-30/new-chat/GFC_Forest_256_10k/B/009767.png,/Users/zhoujinghe/Documents/Codex/2026-04-30/new-chat/GFC_Forest_256_10k/label/009767.png,,,,,
GFC10K-AUDIT-0300,001482,positive,val,gfc_2018_2020_expansion_central_america_01,0.05-0.10,0.062622,0.451267,/Users/zhoujinghe/Documents/Codex/2026-04-30/new-chat/GFC_Forest_256_10k/A/001482.png,/Users/zhoujinghe/Documents/Codex/2026-04-30/new-chat/GFC_Forest_256_10k/B/001482.png,/Users/zhoujinghe/Documents/Codex/2026-04-30/new-chat/GFC_Forest_256_10k/label/001482.png,,,,,
GFC10K-AUDIT-0301,007306,positive,val,gfc_2018_2020_borneo_01,0.10-0.20,0.135544,0.251266,/Users/zhoujinghe/Documents/Codex/2026-04-30/new-chat/GFC_Forest_256_10k/A/007306.png,/Users/zhoujinghe/Documents/Codex/2026-04-30/new-chat/GFC_Forest_256_10k/B/007306.png,/Users/zhoujinghe/Documents/Codex/2026-04-30/new-chat/GFC_Forest_256_10k/label/007306.png,,,,,
GFC10K-AUDIT-0302,000051,positive,train,gfc_2018_2020_expansion_madagascar_east_01,0.05-0.10,0.060013,0.230359,/Users/zhoujinghe/Documents/Codex/2026-04-30/new-chat/GFC_Forest_256_10k/A/000051.png,/Users/zhoujinghe/Documents/Codex/2026-04-30/new-chat/GFC_Forest_256_10k/B/000051.png,/Users/zhoujinghe/Documents/Codex/2026-04-30/new-chat/GFC_Forest_256_10k/label/000051.png,,,,,
GFC10K-AUDIT-0303,004477,positive,test,gfc_2018_2020_expansion_se_asia_myanmar_01,0.10-0.20,0.113846,0.438413,/Users/zhoujinghe/Documents/Codex/2026-04-30/new-chat/GFC_Forest_256_10k/A/004477.png,/Users/zhoujinghe/Documents/Codex/2026-04-30/new-chat/GFC_Forest_256_10k/B/004477.png,/Users/zhoujinghe/Documents/Codex/2026-04-30/new-chat/GFC_Forest_256_10k/label/004477.png,,,,,
GFC10K-AUDIT-0304,006517,positive,train,gfc_2018_2020_borneo_02,0.10-0.20,0.132294,0.189504,/Users/zhoujinghe/Documents/Codex/2026-04-30/new-chat/GFC_Forest_256_10k/A/006517.png,/Users/zhoujinghe/Documents/Codex/2026-04-30/new-chat/GFC_Forest_256_10k/B/006517.png,/Users/zhoujinghe/Documents/Codex/2026-04-30/new-chat/GFC_Forest_256_10k/label/006517.png,,,,,
GFC10K-AUDIT-0305,004866,positive,train,gfc_2018_2020_expansion_central_america_01,>=0.40,0.456345,0.094092,/Users/zhoujinghe/Documents/Codex/2026-04-30/new-chat/GFC_Forest_256_10k/A/004866.png,/Users/zhoujinghe/Documents/Codex/2026-04-30/new-chat/GFC_Forest_256_10k/B/004866.png,/Users/zhoujinghe/Documents/Codex/2026-04-30/new-chat/GFC_Forest_256_10k/label/004866.png,,,,,
GFC10K-AUDIT-0306,002944,positive,test,gfc_2018_2020_expansion_amazon_guiana_01,0.10-0.20,0.114120,0.405268,/Users/zhoujinghe/Documents/Codex/2026-04-30/new-chat/GFC_Forest_256_10k/A/002944.png,/Users/zhoujinghe/Documents/Codex/2026-04-30/new-chat/GFC_Forest_256_10k/B/002944.png,/Users/zhoujinghe/Documents/Codex/2026-04-30/new-chat/GFC_Forest_256_10k/label/002944.png,,,,,
GFC10K-AUDIT-0307,001030,positive,train,gfc_2018_2020_expansion_amazon_guiana_01,0.05-0.10,0.056580,0.066343,/Users/zhoujinghe/Documents/Codex/2026-04-30/new-chat/GFC_Forest_256_10k/A/001030.png,/Users/zhoujinghe/Documents/Codex/2026-04-30/new-chat/GFC_Forest_256_10k/B/001030.png,/Users/zhoujinghe/Documents/Codex/2026-04-30/new-chat/GFC_Forest_256_10k/label/001030.png,,,,,
GFC10K-AUDIT-0308,003474,positive,val,gfc_2018_2020_expansion_andes_cloudforest_01,0.05-0.10,0.078278,0.376218,/Users/zhoujinghe/Documents/Codex/2026-04-30/new-chat/GFC_Forest_256_10k/A/003474.png,/Users/zhoujinghe/Documents/Codex/2026-04-30/new-chat/GFC_Forest_256_10k/B/003474.png,/Users/zhoujinghe/Documents/Codex/2026-04-30/new-chat/GFC_Forest_256_10k/label/003474.png,,,,,
GFC10K-AUDIT-0309,001267,positive,val,gfc_2018_2020_expansion_amazon_bolivia_01,0.10-0.20,0.158051,0.082835,/Users/zhoujinghe/Documents/Codex/2026-04-30/new-chat/GFC_Forest_256_10k/A/001267.png,/Users/zhoujinghe/Documents/Codex/2026-04-30/new-chat/GFC_Forest_256_10k/B/001267.png,/Users/zhoujinghe/Documents/Codex/2026-04-30/new-chat/GFC_Forest_256_10k/label/001267.png,,,,,
GFC10K-AUDIT-0310,009116,positive,train,gfc_2018_2020_expansion_temperate_europe_01,0.05-0.10,0.054794,0.634642,/Users/zhoujinghe/Documents/Codex/2026-04-30/new-chat/GFC_Forest_256_10k/A/009116.png,/Users/zhoujinghe/Documents/Codex/2026-04-30/new-chat/GFC_Forest_256_10k/B/009116.png,/Users/zhoujinghe/Documents/Codex/2026-04-30/new-chat/GFC_Forest_256_10k/label/009116.png,,,,,
GFC10K-AUDIT-0311,007690,positive,test,gfc_2018_2020_expansion_amazon_guiana_01,0.05-0.10,0.069061,0.243261,/Users/zhoujinghe/Documents/Codex/2026-04-30/new-chat/GFC_Forest_256_10k/A/007690.png,/Users/zhoujinghe/Documents/Codex/2026-04-30/new-chat/GFC_Forest_256_10k/B/007690.png,/Users/zhoujinghe/Documents/Codex/2026-04-30/new-chat/GFC_Forest_256_10k/label/007690.png,,,,,
GFC10K-AUDIT-0312,004093,positive,val,gfc_2018_2020_amazon_01,0.20-0.40,0.265945,0.146078,/Users/zhoujinghe/Documents/Codex/2026-04-30/new-chat/GFC_Forest_256_10k/A/004093.png,/Users/zhoujinghe/Documents/Codex/2026-04-30/new-chat/GFC_Forest_256_10k/B/004093.png,/Users/zhoujinghe/Documents/Codex/2026-04-30/new-chat/GFC_Forest_256_10k/label/004093.png,,,,,
GFC10K-AUDIT-0313,000626,positive,train,gfc_2018_2020_expansion_amazon_bolivia_01,0.20-0.40,0.305420,0.075639,/Users/zhoujinghe/Documents/Codex/2026-04-30/new-chat/GFC_Forest_256_10k/A/000626.png,/Users/zhoujinghe/Documents/Codex/2026-04-30/new-chat/GFC_Forest_256_10k/B/000626.png,/Users/zhoujinghe/Documents/Codex/2026-04-30/new-chat/GFC_Forest_256_10k/label/000626.png,,,,,
GFC10K-AUDIT-0314,007005,positive,test,gfc_2018_2020_expansion_mexico_yucatan_01,0.05-0.10,0.067230,0.644122,/Users/zhoujinghe/Documents/Codex/2026-04-30/new-chat/GFC_Forest_256_10k/A/007005.png,/Users/zhoujinghe/Documents/Codex/2026-04-30/new-chat/GFC_Forest_256_10k/B/007005.png,/Users/zhoujinghe/Documents/Codex/2026-04-30/new-chat/GFC_Forest_256_10k/label/007005.png,,,,,
GFC10K-AUDIT-0315,004680,positive,test,gfc_2018_2020_amazon_02,0.10-0.20,0.144226,0.731274,/Users/zhoujinghe/Documents/Codex/2026-04-30/new-chat/GFC_Forest_256_10k/A/004680.png,/Users/zhoujinghe/Documents/Codex/2026-04-30/new-chat/GFC_Forest_256_10k/B/004680.png,/Users/zhoujinghe/Documents/Codex/2026-04-30/new-chat/GFC_Forest_256_10k/label/004680.png,,,,,
GFC10K-AUDIT-0316,004081,positive,train,gfc_2018_2020_expansion_se_asia_borneo_03,0.10-0.20,0.142197,0.858998,/Users/zhoujinghe/Documents/Codex/2026-04-30/new-chat/GFC_Forest_256_10k/A/004081.png,/Users/zhoujinghe/Documents/Codex/2026-04-30/new-chat/GFC_Forest_256_10k/B/004081.png,/Users/zhoujinghe/Documents/Codex/2026-04-30/new-chat/GFC_Forest_256_10k/label/004081.png,,,,,
GFC10K-AUDIT-0317,002930,positive,val,gfc_2018_2020_borneo_02,0.05-0.10,0.090988,0.230253,/Users/zhoujinghe/Documents/Codex/2026-04-30/new-chat/GFC_Forest_256_10k/A/002930.png,/Users/zhoujinghe/Documents/Codex/2026-04-30/new-chat/GFC_Forest_256_10k/B/002930.png,/Users/zhoujinghe/Documents/Codex/2026-04-30/new-chat/GFC_Forest_256_10k/label/002930.png,,,,,
GFC10K-AUDIT-0318,001443,positive,train,gfc_2018_2020_expansion_central_america_01,0.05-0.10,0.079254,0.382364,/Users/zhoujinghe/Documents/Codex/2026-04-30/new-chat/GFC_Forest_256_10k/A/001443.png,/Users/zhoujinghe/Documents/Codex/2026-04-30/new-chat/GFC_Forest_256_10k/B/001443.png,/Users/zhoujinghe/Documents/Codex/2026-04-30/new-chat/GFC_Forest_256_10k/label/001443.png,,,,,
GFC10K-AUDIT-0319,005636,positive,train,gfc_2018_2020_expansion_amazon_bolivia_01,>=0.40,0.499603,0.101674,/Users/zhoujinghe/Documents/Codex/2026-04-30/new-chat/GFC_Forest_256_10k/A/005636.png,/Users/zhoujinghe/Documents/Codex/2026-04-30/new-chat/GFC_Forest_256_10k/B/005636.png,/Users/zhoujinghe/Documents/Codex/2026-04-30/new-chat/GFC_Forest_256_10k/label/005636.png,,,,,
GFC10K-AUDIT-0320,000066,positive,val,gfc_2018_2020_expansion_boreal_canada_01,0.05-0.10,0.095901,0.999682,/Users/zhoujinghe/Documents/Codex/2026-04-30/new-chat/GFC_Forest_256_10k/A/000066.png,/Users/zhoujinghe/Documents/Codex/2026-04-30/new-chat/GFC_Forest_256_10k/B/000066.png,/Users/zhoujinghe/Documents/Codex/2026-04-30/new-chat/GFC_Forest_256_10k/label/000066.png,,,,,
GFC10K-AUDIT-0321,005597,positive,val,gfc_2018_2020_expansion_se_asia_sumatra_02,0.20-0.40,0.253281,0.191939,/Users/zhoujinghe/Documents/Codex/2026-04-30/new-chat/GFC_Forest_256_10k/A/005597.png,/Users/zhoujinghe/Documents/Codex/2026-04-30/new-chat/GFC_Forest_256_10k/B/005597.png,/Users/zhoujinghe/Documents/Codex/2026-04-30/new-chat/GFC_Forest_256_10k/label/005597.png,,,,,
GFC10K-AUDIT-0322,001138,positive,train,gfc_2018_2020_expansion_se_asia_sumatra_02,0.20-0.40,0.212860,0.398065,/Users/zhoujinghe/Documents/Codex/2026-04-30/new-chat/GFC_Forest_256_10k/A/001138.png,/Users/zhoujinghe/Documents/Codex/2026-04-30/new-chat/GFC_Forest_256_10k/B/001138.png,/Users/zhoujinghe/Documents/Codex/2026-04-30/new-chat/GFC_Forest_256_10k/label/001138.png,,,,,
GFC10K-AUDIT-0323,003087,positive,train,gfc_2018_2020_amazon_02,0.10-0.20,0.118622,0.123617,/Users/zhoujinghe/Documents/Codex/2026-04-30/new-chat/GFC_Forest_256_10k/A/003087.png,/Users/zhoujinghe/Documents/Codex/2026-04-30/new-chat/GFC_Forest_256_10k/B/003087.png,/Users/zhoujinghe/Documents/Codex/2026-04-30/new-chat/GFC_Forest_256_10k/label/003087.png,,,,,
GFC10K-AUDIT-0324,004821,positive,test,gfc_2018_2020_expansion_congo_angola_01,0.05-0.10,0.094147,0.270178,/Users/zhoujinghe/Documents/Codex/2026-04-30/new-chat/GFC_Forest_256_10k/A/004821.png,/Users/zhoujinghe/Documents/Codex/2026-04-30/new-chat/GFC_Forest_256_10k/B/004821.png,/Users/zhoujinghe/Documents/Codex/2026-04-30/new-chat/GFC_Forest_256_10k/label/004821.png,,,,,
GFC10K-AUDIT-0325,001624,positive,train,gfc_2018_2020_amazon_01,0.05-0.10,0.051956,0.288399,/Users/zhoujinghe/Documents/Codex/2026-04-30/new-chat/GFC_Forest_256_10k/A/001624.png,/Users/zhoujinghe/Documents/Codex/2026-04-30/new-chat/GFC_Forest_256_10k/B/001624.png,/Users/zhoujinghe/Documents/Codex/2026-04-30/new-chat/GFC_Forest_256_10k/label/001624.png,,,,,
GFC10K-AUDIT-0326,005716,positive,val,gfc_2018_2020_expansion_temperate_europe_01,0.05-0.10,0.051590,0.927240,/Users/zhoujinghe/Documents/Codex/2026-04-30/new-chat/GFC_Forest_256_10k/A/005716.png,/Users/zhoujinghe/Documents/Codex/2026-04-30/new-chat/GFC_Forest_256_10k/B/005716.png,/Users/zhoujinghe/Documents/Codex/2026-04-30/new-chat/GFC_Forest_256_10k/label/005716.png,,,,,
GFC10K-AUDIT-0327,007371,positive,val,gfc_2018_2020_expansion_boreal_canada_01,>=0.40,0.561249,0.995786,/Users/zhoujinghe/Documents/Codex/2026-04-30/new-chat/GFC_Forest_256_10k/A/007371.png,/Users/zhoujinghe/Documents/Codex/2026-04-30/new-chat/GFC_Forest_256_10k/B/007371.png,/Users/zhoujinghe/Documents/Codex/2026-04-30/new-chat/GFC_Forest_256_10k/label/007371.png,,,,,
GFC10K-AUDIT-0328,008905,positive,train,gfc_2018_2020_expansion_se_asia_myanmar_01,0.10-0.20,0.113968,0.170170,/Users/zhoujinghe/Documents/Codex/2026-04-30/new-chat/GFC_Forest_256_10k/A/008905.png,/Users/zhoujinghe/Documents/Codex/2026-04-30/new-chat/GFC_Forest_256_10k/B/008905.png,/Users/zhoujinghe/Documents/Codex/2026-04-30/new-chat/GFC_Forest_256_10k/label/008905.png,,,,,
GFC10K-AUDIT-0329,001312,positive,test,gfc_2018_2020_borneo_02,0.10-0.20,0.108383,0.286921,/Users/zhoujinghe/Documents/Codex/2026-04-30/new-chat/GFC_Forest_256_10k/A/001312.png,/Users/zhoujinghe/Documents/Codex/2026-04-30/new-chat/GFC_Forest_256_10k/B/001312.png,/Users/zhoujinghe/Documents/Codex/2026-04-30/new-chat/GFC_Forest_256_10k/label/001312.png,,,,,
GFC10K-AUDIT-0330,008032,positive,val,gfc_2018_2020_amazon_02,0.05-0.10,0.086288,0.355261,/Users/zhoujinghe/Documents/Codex/2026-04-30/new-chat/GFC_Forest_256_10k/A/008032.png,/Users/zhoujinghe/Documents/Codex/2026-04-30/new-chat/GFC_Forest_256_10k/B/008032.png,/Users/zhoujinghe/Documents/Codex/2026-04-30/new-chat/GFC_Forest_256_10k/label/008032.png,,,,,
GFC10K-AUDIT-0331,005118,positive,train,gfc_2018_2020_expansion_boreal_siberia_01,>=0.40,0.495880,0.759554,/Users/zhoujinghe/Documents/Codex/2026-04-30/new-chat/GFC_Forest_256_10k/A/005118.png,/Users/zhoujinghe/Documents/Codex/2026-04-30/new-chat/GFC_Forest_256_10k/B/005118.png,/Users/zhoujinghe/Documents/Codex/2026-04-30/new-chat/GFC_Forest_256_10k/label/005118.png,,,,,
GFC10K-AUDIT-0332,000201,positive,val,gfc_2018_2020_expansion_se_asia_myanmar_01,0.05-0.10,0.062180,0.436319,/Users/zhoujinghe/Documents/Codex/2026-04-30/new-chat/GFC_Forest_256_10k/A/000201.png,/Users/zhoujinghe/Documents/Codex/2026-04-30/new-chat/GFC_Forest_256_10k/B/000201.png,/Users/zhoujinghe/Documents/Codex/2026-04-30/new-chat/GFC_Forest_256_10k/label/000201.png,,,,,
GFC10K-AUDIT-0333,005826,positive,val,gfc_2018_2020_expansion_se_asia_sumatra_02,0.10-0.20,0.103912,0.303377,/Users/zhoujinghe/Documents/Codex/2026-04-30/new-chat/GFC_Forest_256_10k/A/005826.png,/Users/zhoujinghe/Documents/Codex/2026-04-30/new-chat/GFC_Forest_256_10k/B/005826.png,/Users/zhoujinghe/Documents/Codex/2026-04-30/new-chat/GFC_Forest_256_10k/label/005826.png,,,,,
GFC10K-AUDIT-0334,001635,positive,train,gfc_2018_2020_expansion_madagascar_east_01,0.10-0.20,0.140228,0.402067,/Users/zhoujinghe/Documents/Codex/2026-04-30/new-chat/GFC_Forest_256_10k/A/001635.png,/Users/zhoujinghe/Documents/Codex/2026-04-30/new-chat/GFC_Forest_256_10k/B/001635.png,/Users/zhoujinghe/Documents/Codex/2026-04-30/new-chat/GFC_Forest_256_10k/label/001635.png,,,,,
GFC10K-AUDIT-0335,006362,positive,train,gfc_2018_2020_expansion_andes_cloudforest_01,0.10-0.20,0.132095,0.465288,/Users/zhoujinghe/Documents/Codex/2026-04-30/new-chat/GFC_Forest_256_10k/A/006362.png,/Users/zhoujinghe/Documents/Codex/2026-04-30/new-chat/GFC_Forest_256_10k/B/006362.png,/Users/zhoujinghe/Documents/Codex/2026-04-30/new-chat/GFC_Forest_256_10k/label/006362.png,,,,,
GFC10K-AUDIT-0336,003550,positive,train,gfc_2018_2020_expansion_congo_caf_01,0.05-0.10,0.070435,0.379333,/Users/zhoujinghe/Documents/Codex/2026-04-30/new-chat/GFC_Forest_256_10k/A/003550.png,/Users/zhoujinghe/Documents/Codex/2026-04-30/new-chat/GFC_Forest_256_10k/B/003550.png,/Users/zhoujinghe/Documents/Codex/2026-04-30/new-chat/GFC_Forest_256_10k/label/003550.png,,,,,
GFC10K-AUDIT-0337,009759,positive,train,gfc_2018_2020_expansion_boreal_canada_01,>=0.40,0.631851,0.999952,/Users/zhoujinghe/Documents/Codex/2026-04-30/new-chat/GFC_Forest_256_10k/A/009759.png,/Users/zhoujinghe/Documents/Codex/2026-04-30/new-chat/GFC_Forest_256_10k/B/009759.png,/Users/zhoujinghe/Documents/Codex/2026-04-30/new-chat/GFC_Forest_256_10k/label/009759.png,,,,,
GFC10K-AUDIT-0338,008784,positive,train,gfc_2018_2020_amazon_02,0.20-0.40,0.209320,0.743184,/Users/zhoujinghe/Documents/Codex/2026-04-30/new-chat/GFC_Forest_256_10k/A/008784.png,/Users/zhoujinghe/Documents/Codex/2026-04-30/new-chat/GFC_Forest_256_10k/B/008784.png,/Users/zhoujinghe/Documents/Codex/2026-04-30/new-chat/GFC_Forest_256_10k/label/008784.png,,,,,
GFC10K-AUDIT-0339,009971,positive,val,gfc_2018_2020_expansion_madagascar_east_01,0.10-0.20,0.131256,0.387236,/Users/zhoujinghe/Documents/Codex/2026-04-30/new-chat/GFC_Forest_256_10k/A/009971.png,/Users/zhoujinghe/Documents/Codex/2026-04-30/new-chat/GFC_Forest_256_10k/B/009971.png,/Users/zhoujinghe/Documents/Codex/2026-04-30/new-chat/GFC_Forest_256_10k/label/009971.png,,,,,
GFC10K-AUDIT-0340,007087,positive,val,gfc_2018_2020_expansion_se_asia_borneo_03,0.05-0.10,0.058624,0.462259,/Users/zhoujinghe/Documents/Codex/2026-04-30/new-chat/GFC_Forest_256_10k/A/007087.png,/Users/zhoujinghe/Documents/Codex/2026-04-30/new-chat/GFC_Forest_256_10k/B/007087.png,/Users/zhoujinghe/Documents/Codex/2026-04-30/new-chat/GFC_Forest_256_10k/label/007087.png,,,,,
GFC10K-AUDIT-0341,000776,positive,train,gfc_2018_2020_expansion_boreal_canada_01,0.20-0.40,0.304489,0.998998,/Users/zhoujinghe/Documents/Codex/2026-04-30/new-chat/GFC_Forest_256_10k/A/000776.png,/Users/zhoujinghe/Documents/Codex/2026-04-30/new-chat/GFC_Forest_256_10k/B/000776.png,/Users/zhoujinghe/Documents/Codex/2026-04-30/new-chat/GFC_Forest_256_10k/label/000776.png,,,,,
GFC10K-AUDIT-0342,003048,positive,train,gfc_2018_2020_expansion_andes_cloudforest_01,0.05-0.10,0.060486,0.203078,/Users/zhoujinghe/Documents/Codex/2026-04-30/new-chat/GFC_Forest_256_10k/A/003048.png,/Users/zhoujinghe/Documents/Codex/2026-04-30/new-chat/GFC_Forest_256_10k/B/003048.png,/Users/zhoujinghe/Documents/Codex/2026-04-30/new-chat/GFC_Forest_256_10k/label/003048.png,,,,,
GFC10K-AUDIT-0343,007315,positive,val,gfc_2018_2020_expansion_boreal_siberia_01,0.10-0.20,0.144684,0.996731,/Users/zhoujinghe/Documents/Codex/2026-04-30/new-chat/GFC_Forest_256_10k/A/007315.png,/Users/zhoujinghe/Documents/Codex/2026-04-30/new-chat/GFC_Forest_256_10k/B/007315.png,/Users/zhoujinghe/Documents/Codex/2026-04-30/new-chat/GFC_Forest_256_10k/label/007315.png,,,,,
GFC10K-AUDIT-0344,003454,positive,train,gfc_2018_2020_expansion_se_asia_sumatra_02,0.05-0.10,0.075974,0.328379,/Users/zhoujinghe/Documents/Codex/2026-04-30/new-chat/GFC_Forest_256_10k/A/003454.png,/Users/zhoujinghe/Documents/Codex/2026-04-30/new-chat/GFC_Forest_256_10k/B/003454.png,/Users/zhoujinghe/Documents/Codex/2026-04-30/new-chat/GFC_Forest_256_10k/label/003454.png,,,,,
GFC10K-AUDIT-0345,004757,positive,test,gfc_2018_2020_expansion_boreal_canada_01,>=0.40,0.519348,0.987836,/Users/zhoujinghe/Documents/Codex/2026-04-30/new-chat/GFC_Forest_256_10k/A/004757.png,/Users/zhoujinghe/Documents/Codex/2026-04-30/new-chat/GFC_Forest_256_10k/B/004757.png,/Users/zhoujinghe/Documents/Codex/2026-04-30/new-chat/GFC_Forest_256_10k/label/004757.png,,,,,
GFC10K-AUDIT-0346,000848,positive,test,gfc_2018_2020_expansion_se_asia_borneo_03,>=0.40,0.793060,0.790087,/Users/zhoujinghe/Documents/Codex/2026-04-30/new-chat/GFC_Forest_256_10k/A/000848.png,/Users/zhoujinghe/Documents/Codex/2026-04-30/new-chat/GFC_Forest_256_10k/B/000848.png,/Users/zhoujinghe/Documents/Codex/2026-04-30/new-chat/GFC_Forest_256_10k/label/000848.png,,,,,
GFC10K-AUDIT-0347,002744,positive,test,gfc_2018_2020_expansion_se_asia_myanmar_01,0.05-0.10,0.096802,0.067150,/Users/zhoujinghe/Documents/Codex/2026-04-30/new-chat/GFC_Forest_256_10k/A/002744.png,/Users/zhoujinghe/Documents/Codex/2026-04-30/new-chat/GFC_Forest_256_10k/B/002744.png,/Users/zhoujinghe/Documents/Codex/2026-04-30/new-chat/GFC_Forest_256_10k/label/002744.png,,,,,
GFC10K-AUDIT-0348,004024,positive,val,gfc_2018_2020_expansion_boreal_siberia_01,0.05-0.10,0.063995,0.996185,/Users/zhoujinghe/Documents/Codex/2026-04-30/new-chat/GFC_Forest_256_10k/A/004024.png,/Users/zhoujinghe/Documents/Codex/2026-04-30/new-chat/GFC_Forest_256_10k/B/004024.png,/Users/zhoujinghe/Documents/Codex/2026-04-30/new-chat/GFC_Forest_256_10k/label/004024.png,,,,,
GFC10K-AUDIT-0349,006603,positive,val,gfc_2018_2020_expansion_mexico_yucatan_01,0.10-0.20,0.131073,0.312340,/Users/zhoujinghe/Documents/Codex/2026-04-30/new-chat/GFC_Forest_256_10k/A/006603.png,/Users/zhoujinghe/Documents/Codex/2026-04-30/new-chat/GFC_Forest_256_10k/B/006603.png,/Users/zhoujinghe/Documents/Codex/2026-04-30/new-chat/GFC_Forest_256_10k/label/006603.png,,,,,
GFC10K-AUDIT-0350,000175,positive,val,gfc_2018_2020_borneo_01,0.05-0.10,0.058853,0.068447,/Users/zhoujinghe/Documents/Codex/2026-04-30/new-chat/GFC_Forest_256_10k/A/000175.png,/Users/zhoujinghe/Documents/Codex/2026-04-30/new-chat/GFC_Forest_256_10k/B/000175.png,/Users/zhoujinghe/Documents/Codex/2026-04-30/new-chat/GFC_Forest_256_10k/label/000175.png,,,,,
GFC10K-AUDIT-0351,008387,negative,val,gfc_2018_2020_expansion_boreal_canada_01,0.20-0.40,0.239227,0.000574,/Users/zhoujinghe/Documents/Codex/2026-04-30/new-chat/GFC_Forest_256_10k/A/008387.png,/Users/zhoujinghe/Documents/Codex/2026-04-30/new-chat/GFC_Forest_256_10k/B/008387.png,/Users/zhoujinghe/Documents/Codex/2026-04-30/new-chat/GFC_Forest_256_10k/label/008387.png,,,,,
GFC10K-AUDIT-0352,002519,negative,train,gfc_2018_2020_expansion_se_asia_papua_01,0.05-0.10,0.075226,0.013793,/Users/zhoujinghe/Documents/Codex/2026-04-30/new-chat/GFC_Forest_256_10k/A/002519.png,/Users/zhoujinghe/Documents/Codex/2026-04-30/new-chat/GFC_Forest_256_10k/B/002519.png,/Users/zhoujinghe/Documents/Codex/2026-04-30/new-chat/GFC_Forest_256_10k/label/002519.png,,,,,
GFC10K-AUDIT-0353,006133,negative,val,gfc_2018_2020_amazon_02,0.10-0.20,0.150620,0.000000,/Users/zhoujinghe/Documents/Codex/2026-04-30/new-chat/GFC_Forest_256_10k/A/006133.png,/Users/zhoujinghe/Documents/Codex/2026-04-30/new-chat/GFC_Forest_256_10k/B/006133.png,/Users/zhoujinghe/Documents/Codex/2026-04-30/new-chat/GFC_Forest_256_10k/label/006133.png,,,,,
GFC10K-AUDIT-0354,003855,negative,train,gfc_2018_2020_borneo_02,0.05-0.10,0.083649,0.008026,/Users/zhoujinghe/Documents/Codex/2026-04-30/new-chat/GFC_Forest_256_10k/A/003855.png,/Users/zhoujinghe/Documents/Codex/2026-04-30/new-chat/GFC_Forest_256_10k/B/003855.png,/Users/zhoujinghe/Documents/Codex/2026-04-30/new-chat/GFC_Forest_256_10k/label/003855.png,,,,,
GFC10K-AUDIT-0355,005701,negative,train,gfc_2018_2020_amazon_01,0.05-0.10,0.088440,0.017771,/Users/zhoujinghe/Documents/Codex/2026-04-30/new-chat/GFC_Forest_256_10k/A/005701.png,/Users/zhoujinghe/Documents/Codex/2026-04-30/new-chat/GFC_Forest_256_10k/B/005701.png,/Users/zhoujinghe/Documents/Codex/2026-04-30/new-chat/GFC_Forest_256_10k/label/005701.png,,,,,
GFC10K-AUDIT-0356,007321,negative,test,gfc_2018_2020_amazon_02,0.20-0.40,0.205399,0.011960,/Users/zhoujinghe/Documents/Codex/2026-04-30/new-chat/GFC_Forest_256_10k/A/007321.png,/Users/zhoujinghe/Documents/Codex/2026-04-30/new-chat/GFC_Forest_256_10k/B/007321.png,/Users/zhoujinghe/Documents/Codex/2026-04-30/new-chat/GFC_Forest_256_10k/label/007321.png,,,,,
GFC10K-AUDIT-0357,002505,negative,train,gfc_2018_2020_amazon_02,0.10-0.20,0.160263,0.007426,/Users/zhoujinghe/Documents/Codex/2026-04-30/new-chat/GFC_Forest_256_10k/A/002505.png,/Users/zhoujinghe/Documents/Codex/2026-04-30/new-chat/GFC_Forest_256_10k/B/002505.png,/Users/zhoujinghe/Documents/Codex/2026-04-30/new-chat/GFC_Forest_256_10k/label/002505.png,,,,,
GFC10K-AUDIT-0358,005902,negative,train,gfc_2018_2020_amazon_02,0.05-0.10,0.050491,0.018737,/Users/zhoujinghe/Documents/Codex/2026-04-30/new-chat/GFC_Forest_256_10k/A/005902.png,/Users/zhoujinghe/Documents/Codex/2026-04-30/new-chat/GFC_Forest_256_10k/B/005902.png,/Users/zhoujinghe/Documents/Codex/2026-04-30/new-chat/GFC_Forest_256_10k/label/005902.png,,,,,
GFC10K-AUDIT-0359,003799,negative,train,gfc_2018_2020_expansion_madagascar_east_01,0.05-0.10,0.074890,0.027506,/Users/zhoujinghe/Documents/Codex/2026-04-30/new-chat/GFC_Forest_256_10k/A/003799.png,/Users/zhoujinghe/Documents/Codex/2026-04-30/new-chat/GFC_Forest_256_10k/B/003799.png,/Users/zhoujinghe/Documents/Codex/2026-04-30/new-chat/GFC_Forest_256_10k/label/003799.png,,,,,
GFC10K-AUDIT-0360,009983,negative,train,gfc_2018_2020_expansion_se_asia_borneo_03,0.20-0.40,0.207825,0.005727,/Users/zhoujinghe/Documents/Codex/2026-04-30/new-chat/GFC_Forest_256_10k/A/009983.png,/Users/zhoujinghe/Documents/Codex/2026-04-30/new-chat/GFC_Forest_256_10k/B/009983.png,/Users/zhoujinghe/Documents/Codex/2026-04-30/new-chat/GFC_Forest_256_10k/label/009983.png,,,,,
GFC10K-AUDIT-0361,003503,negative,train,gfc_2018_2020_expansion_congo_cameroon_01,0.05-0.10,0.058731,0.020525,/Users/zhoujinghe/Documents/Codex/2026-04-30/new-chat/GFC_Forest_256_10k/A/003503.png,/Users/zhoujinghe/Documents/Codex/2026-04-30/new-chat/GFC_Forest_256_10k/B/003503.png,/Users/zhoujinghe/Documents/Codex/2026-04-30/new-chat/GFC_Forest_256_10k/label/003503.png,,,,,
GFC10K-AUDIT-0362,001555,negative,test,gfc_2018_2020_borneo_02,0.20-0.40,0.219315,0.015724,/Users/zhoujinghe/Documents/Codex/2026-04-30/new-chat/GFC_Forest_256_10k/A/001555.png,/Users/zhoujinghe/Documents/Codex/2026-04-30/new-chat/GFC_Forest_256_10k/B/001555.png,/Users/zhoujinghe/Documents/Codex/2026-04-30/new-chat/GFC_Forest_256_10k/label/001555.png,,,,,
GFC10K-AUDIT-0363,001007,negative,train,gfc_2018_2020_expansion_mexico_yucatan_01,0.10-0.20,0.149292,0.014922,/Users/zhoujinghe/Documents/Codex/2026-04-30/new-chat/GFC_Forest_256_10k/A/001007.png,/Users/zhoujinghe/Documents/Codex/2026-04-30/new-chat/GFC_Forest_256_10k/B/001007.png,/Users/zhoujinghe/Documents/Codex/2026-04-30/new-chat/GFC_Forest_256_10k/label/001007.png,,,,,
GFC10K-AUDIT-0364,003485,negative,val,gfc_2018_2020_borneo_02,0.10-0.20,0.184280,0.027242,/Users/zhoujinghe/Documents/Codex/2026-04-30/new-chat/GFC_Forest_256_10k/A/003485.png,/Users/zhoujinghe/Documents/Codex/2026-04-30/new-chat/GFC_Forest_256_10k/B/003485.png,/Users/zhoujinghe/Documents/Codex/2026-04-30/new-chat/GFC_Forest_256_10k/label/003485.png,,,,,
GFC10K-AUDIT-0365,003913,negative,train,gfc_2018_2020_expansion_boreal_siberia_01,0.05-0.10,0.055573,0.000000,/Users/zhoujinghe/Documents/Codex/2026-04-30/new-chat/GFC_Forest_256_10k/A/003913.png,/Users/zhoujinghe/Documents/Codex/2026-04-30/new-chat/GFC_Forest_256_10k/B/003913.png,/Users/zhoujinghe/Documents/Codex/2026-04-30/new-chat/GFC_Forest_256_10k/label/003913.png,,,,,
GFC10K-AUDIT-0366,001047,negative,train,gfc_2018_2020_expansion_andes_cloudforest_01,0.10-0.20,0.100555,0.001062,/Users/zhoujinghe/Documents/Codex/2026-04-30/new-chat/GFC_Forest_256_10k/A/001047.png,/Users/zhoujinghe/Documents/Codex/2026-04-30/new-chat/GFC_Forest_256_10k/B/001047.png,/Users/zhoujinghe/Documents/Codex/2026-04-30/new-chat/GFC_Forest_256_10k/label/001047.png,,,,,
GFC10K-AUDIT-0367,002833,negative,train,gfc_2018_2020_expansion_australia_queensland_01,0.05-0.10,0.050919,0.012286,/Users/zhoujinghe/Documents/Codex/2026-04-30/new-chat/GFC_Forest_256_10k/A/002833.png,/Users/zhoujinghe/Documents/Codex/2026-04-30/new-chat/GFC_Forest_256_10k/B/002833.png,/Users/zhoujinghe/Documents/Codex/2026-04-30/new-chat/GFC_Forest_256_10k/label/002833.png,,,,,
GFC10K-AUDIT-0368,005955,negative,train,gfc_2018_2020_expansion_mexico_yucatan_01,>=0.40,0.402405,0.019415,/Users/zhoujinghe/Documents/Codex/2026-04-30/new-chat/GFC_Forest_256_10k/A/005955.png,/Users/zhoujinghe/Documents/Codex/2026-04-30/new-chat/GFC_Forest_256_10k/B/005955.png,/Users/zhoujinghe/Documents/Codex/2026-04-30/new-chat/GFC_Forest_256_10k/label/005955.png,,,,,
GFC10K-AUDIT-0369,007436,negative,train,gfc_2018_2020_expansion_boreal_siberia_01,0.20-0.40,0.200684,0.000000,/Users/zhoujinghe/Documents/Codex/2026-04-30/new-chat/GFC_Forest_256_10k/A/007436.png,/Users/zhoujinghe/Documents/Codex/2026-04-30/new-chat/GFC_Forest_256_10k/B/007436.png,/Users/zhoujinghe/Documents/Codex/2026-04-30/new-chat/GFC_Forest_256_10k/label/007436.png,,,,,
GFC10K-AUDIT-0370,008499,negative,train,gfc_2018_2020_amazon_02,>=0.40,0.542389,0.029736,/Users/zhoujinghe/Documents/Codex/2026-04-30/new-chat/GFC_Forest_256_10k/A/008499.png,/Users/zhoujinghe/Documents/Codex/2026-04-30/new-chat/GFC_Forest_256_10k/B/008499.png,/Users/zhoujinghe/Documents/Codex/2026-04-30/new-chat/GFC_Forest_256_10k/label/008499.png,,,,,
GFC10K-AUDIT-0371,006379,negative,train,gfc_2018_2020_expansion_amazon_colombia_01,0.20-0.40,0.203156,0.009163,/Users/zhoujinghe/Documents/Codex/2026-04-30/new-chat/GFC_Forest_256_10k/A/006379.png,/Users/zhoujinghe/Documents/Codex/2026-04-30/new-chat/GFC_Forest_256_10k/B/006379.png,/Users/zhoujinghe/Documents/Codex/2026-04-30/new-chat/GFC_Forest_256_10k/label/006379.png,,,,,
GFC10K-AUDIT-0372,007190,negative,test,gfc_2018_2020_expansion_amazon_guiana_01,0.10-0.20,0.137558,0.001331,/Users/zhoujinghe/Documents/Codex/2026-04-30/new-chat/GFC_Forest_256_10k/A/007190.png,/Users/zhoujinghe/Documents/Codex/2026-04-30/new-chat/GFC_Forest_256_10k/B/007190.png,/Users/zhoujinghe/Documents/Codex/2026-04-30/new-chat/GFC_Forest_256_10k/label/007190.png,,,,,
GFC10K-AUDIT-0373,004804,negative,train,gfc_2018_2020_expansion_mexico_yucatan_01,0.20-0.40,0.252411,0.024000,/Users/zhoujinghe/Documents/Codex/2026-04-30/new-chat/GFC_Forest_256_10k/A/004804.png,/Users/zhoujinghe/Documents/Codex/2026-04-30/new-chat/GFC_Forest_256_10k/B/004804.png,/Users/zhoujinghe/Documents/Codex/2026-04-30/new-chat/GFC_Forest_256_10k/label/004804.png,,,,,
GFC10K-AUDIT-0374,004447,negative,val,gfc_2018_2020_amazon_01,0.05-0.10,0.089798,0.000000,/Users/zhoujinghe/Documents/Codex/2026-04-30/new-chat/GFC_Forest_256_10k/A/004447.png,/Users/zhoujinghe/Documents/Codex/2026-04-30/new-chat/GFC_Forest_256_10k/B/004447.png,/Users/zhoujinghe/Documents/Codex/2026-04-30/new-chat/GFC_Forest_256_10k/label/004447.png,,,,,
GFC10K-AUDIT-0375,007326,negative,train,gfc_2018_2020_borneo_01,0.05-0.10,0.052948,0.002594,/Users/zhoujinghe/Documents/Codex/2026-04-30/new-chat/GFC_Forest_256_10k/A/007326.png,/Users/zhoujinghe/Documents/Codex/2026-04-30/new-chat/GFC_Forest_256_10k/B/007326.png,/Users/zhoujinghe/Documents/Codex/2026-04-30/new-chat/GFC_Forest_256_10k/label/007326.png,,,,,
GFC10K-AUDIT-0376,000723,negative,train,gfc_2018_2020_borneo_02,>=0.40,0.646301,0.000543,/Users/zhoujinghe/Documents/Codex/2026-04-30/new-chat/GFC_Forest_256_10k/A/000723.png,/Users/zhoujinghe/Documents/Codex/2026-04-30/new-chat/GFC_Forest_256_10k/B/000723.png,/Users/zhoujinghe/Documents/Codex/2026-04-30/new-chat/GFC_Forest_256_10k/label/000723.png,,,,,
GFC10K-AUDIT-0377,005861,negative,train,gfc_2018_2020_expansion_se_asia_borneo_03,0.05-0.10,0.095032,0.009955,/Users/zhoujinghe/Documents/Codex/2026-04-30/new-chat/GFC_Forest_256_10k/A/005861.png,/Users/zhoujinghe/Documents/Codex/2026-04-30/new-chat/GFC_Forest_256_10k/B/005861.png,/Users/zhoujinghe/Documents/Codex/2026-04-30/new-chat/GFC_Forest_256_10k/label/005861.png,,,,,
GFC10K-AUDIT-0378,006623,negative,train,gfc_2018_2020_borneo_02,0.10-0.20,0.119507,0.009193,/Users/zhoujinghe/Documents/Codex/2026-04-30/new-chat/GFC_Forest_256_10k/A/006623.png,/Users/zhoujinghe/Documents/Codex/2026-04-30/new-chat/GFC_Forest_256_10k/B/006623.png,/Users/zhoujinghe/Documents/Codex/2026-04-30/new-chat/GFC_Forest_256_10k/label/006623.png,,,,,
GFC10K-AUDIT-0379,009052,negative,train,gfc_2018_2020_expansion_boreal_canada_01,>=0.40,0.424515,0.026095,/Users/zhoujinghe/Documents/Codex/2026-04-30/new-chat/GFC_Forest_256_10k/A/009052.png,/Users/zhoujinghe/Documents/Codex/2026-04-30/new-chat/GFC_Forest_256_10k/B/009052.png,/Users/zhoujinghe/Documents/Codex/2026-04-30/new-chat/GFC_Forest_256_10k/label/009052.png,,,,,
GFC10K-AUDIT-0380,006195,negative,val,gfc_2018_2020_expansion_amazon_bolivia_01,>=0.40,0.461792,0.005518,/Users/zhoujinghe/Documents/Codex/2026-04-30/new-chat/GFC_Forest_256_10k/A/006195.png,/Users/zhoujinghe/Documents/Codex/2026-04-30/new-chat/GFC_Forest_256_10k/B/006195.png,/Users/zhoujinghe/Documents/Codex/2026-04-30/new-chat/GFC_Forest_256_10k/label/006195.png,,,,,
GFC10K-AUDIT-0381,003655,negative,train,gfc_2018_2020_borneo_02,0.20-0.40,0.237061,0.004119,/Users/zhoujinghe/Documents/Codex/2026-04-30/new-chat/GFC_Forest_256_10k/A/003655.png,/Users/zhoujinghe/Documents/Codex/2026-04-30/new-chat/GFC_Forest_256_10k/B/003655.png,/Users/zhoujinghe/Documents/Codex/2026-04-30/new-chat/GFC_Forest_256_10k/label/003655.png,,,,,
GFC10K-AUDIT-0382,000913,negative,train,gfc_2018_2020_expansion_boreal_siberia_01,0.10-0.20,0.137695,0.000000,/Users/zhoujinghe/Documents/Codex/2026-04-30/new-chat/GFC_Forest_256_10k/A/000913.png,/Users/zhoujinghe/Documents/Codex/2026-04-30/new-chat/GFC_Forest_256_10k/B/000913.png,/Users/zhoujinghe/Documents/Codex/2026-04-30/new-chat/GFC_Forest_256_10k/label/000913.png,,,,,
GFC10K-AUDIT-0383,007823,negative,val,gfc_2018_2020_expansion_boreal_canada_01,0.05-0.10,0.058777,0.000000,/Users/zhoujinghe/Documents/Codex/2026-04-30/new-chat/GFC_Forest_256_10k/A/007823.png,/Users/zhoujinghe/Documents/Codex/2026-04-30/new-chat/GFC_Forest_256_10k/B/007823.png,/Users/zhoujinghe/Documents/Codex/2026-04-30/new-chat/GFC_Forest_256_10k/label/007823.png,,,,,
GFC10K-AUDIT-0384,005473,negative,test,gfc_2018_2020_expansion_temperate_china_01,0.05-0.10,0.060120,0.016497,/Users/zhoujinghe/Documents/Codex/2026-04-30/new-chat/GFC_Forest_256_10k/A/005473.png,/Users/zhoujinghe/Documents/Codex/2026-04-30/new-chat/GFC_Forest_256_10k/B/005473.png,/Users/zhoujinghe/Documents/Codex/2026-04-30/new-chat/GFC_Forest_256_10k/label/005473.png,,,,,
GFC10K-AUDIT-0385,006977,negative,test,gfc_2018_2020_expansion_se_asia_borneo_03,0.10-0.20,0.122955,0.013775,/Users/zhoujinghe/Documents/Codex/2026-04-30/new-chat/GFC_Forest_256_10k/A/006977.png,/Users/zhoujinghe/Documents/Codex/2026-04-30/new-chat/GFC_Forest_256_10k/B/006977.png,/Users/zhoujinghe/Documents/Codex/2026-04-30/new-chat/GFC_Forest_256_10k/label/006977.png,,,,,
GFC10K-AUDIT-0386,004884,negative,train,gfc_2018_2020_expansion_amazon_bolivia_01,0.05-0.10,0.050232,0.000000,/Users/zhoujinghe/Documents/Codex/2026-04-30/new-chat/GFC_Forest_256_10k/A/004884.png,/Users/zhoujinghe/Documents/Codex/2026-04-30/new-chat/GFC_Forest_256_10k/B/004884.png,/Users/zhoujinghe/Documents/Codex/2026-04-30/new-chat/GFC_Forest_256_10k/label/004884.png,,,,,
GFC10K-AUDIT-0387,008340,negative,test,gfc_2018_2020_amazon_02,0.05-0.10,0.077744,0.028852,/Users/zhoujinghe/Documents/Codex/2026-04-30/new-chat/GFC_Forest_256_10k/A/008340.png,/Users/zhoujinghe/Documents/Codex/2026-04-30/new-chat/GFC_Forest_256_10k/B/008340.png,/Users/zhoujinghe/Documents/Codex/2026-04-30/new-chat/GFC_Forest_256_10k/label/008340.png,,,,,
GFC10K-AUDIT-0388,007851,negative,test,gfc_2018_2020_expansion_boreal_siberia_01,0.20-0.40,0.215424,0.023729,/Users/zhoujinghe/Documents/Codex/2026-04-30/new-chat/GFC_Forest_256_10k/A/007851.png,/Users/zhoujinghe/Documents/Codex/2026-04-30/new-chat/GFC_Forest_256_10k/B/007851.png,/Users/zhoujinghe/Documents/Codex/2026-04-30/new-chat/GFC_Forest_256_10k/label/007851.png,,,,,
GFC10K-AUDIT-0389,006150,negative,train,gfc_2018_2020_expansion_boreal_canada_01,0.10-0.20,0.108704,0.000000,/Users/zhoujinghe/Documents/Codex/2026-04-30/new-chat/GFC_Forest_256_10k/A/006150.png,/Users/zhoujinghe/Documents/Codex/2026-04-30/new-chat/GFC_Forest_256_10k/B/006150.png,/Users/zhoujinghe/Documents/Codex/2026-04-30/new-chat/GFC_Forest_256_10k/label/006150.png,,,,,
GFC10K-AUDIT-0390,009818,negative,train,gfc_2018_2020_expansion_se_asia_sumatra_02,0.10-0.20,0.189026,0.016871,/Users/zhoujinghe/Documents/Codex/2026-04-30/new-chat/GFC_Forest_256_10k/A/009818.png,/Users/zhoujinghe/Documents/Codex/2026-04-30/new-chat/GFC_Forest_256_10k/B/009818.png,/Users/zhoujinghe/Documents/Codex/2026-04-30/new-chat/GFC_Forest_256_10k/label/009818.png,,,,,
GFC10K-AUDIT-0391,006448,negative,train,gfc_2018_2020_expansion_amazon_guiana_01,0.05-0.10,0.084763,0.000000,/Users/zhoujinghe/Documents/Codex/2026-04-30/new-chat/GFC_Forest_256_10k/A/006448.png,/Users/zhoujinghe/Documents/Codex/2026-04-30/new-chat/GFC_Forest_256_10k/B/006448.png,/Users/zhoujinghe/Documents/Codex/2026-04-30/new-chat/GFC_Forest_256_10k/label/006448.png,,,,,
GFC10K-AUDIT-0392,004787,negative,train,gfc_2018_2020_amazon_01,>=0.40,0.490067,0.024566,/Users/zhoujinghe/Documents/Codex/2026-04-30/new-chat/GFC_Forest_256_10k/A/004787.png,/Users/zhoujinghe/Documents/Codex/2026-04-30/new-chat/GFC_Forest_256_10k/B/004787.png,/Users/zhoujinghe/Documents/Codex/2026-04-30/new-chat/GFC_Forest_256_10k/label/004787.png,,,,,
GFC10K-AUDIT-0393,005204,negative,test,gfc_2018_2020_expansion_central_america_01,0.05-0.10,0.050247,0.001215,/Users/zhoujinghe/Documents/Codex/2026-04-30/new-chat/GFC_Forest_256_10k/A/005204.png,/Users/zhoujinghe/Documents/Codex/2026-04-30/new-chat/GFC_Forest_256_10k/B/005204.png,/Users/zhoujinghe/Documents/Codex/2026-04-30/new-chat/GFC_Forest_256_10k/label/005204.png,,,,,
GFC10K-AUDIT-0394,004625,negative,train,gfc_2018_2020_expansion_mexico_yucatan_01,0.05-0.10,0.086594,0.005991,/Users/zhoujinghe/Documents/Codex/2026-04-30/new-chat/GFC_Forest_256_10k/A/004625.png,/Users/zhoujinghe/Documents/Codex/2026-04-30/new-chat/GFC_Forest_256_10k/B/004625.png,/Users/zhoujinghe/Documents/Codex/2026-04-30/new-chat/GFC_Forest_256_10k/label/004625.png,,,,,
GFC10K-AUDIT-0395,000533,negative,test,gfc_2018_2020_expansion_boreal_siberia_01,0.10-0.20,0.101791,0.000000,/Users/zhoujinghe/Documents/Codex/2026-04-30/new-chat/GFC_Forest_256_10k/A/000533.png,/Users/zhoujinghe/Documents/Codex/2026-04-30/new-chat/GFC_Forest_256_10k/B/000533.png,/Users/zhoujinghe/Documents/Codex/2026-04-30/new-chat/GFC_Forest_256_10k/label/000533.png,,,,,
GFC10K-AUDIT-0396,004721,negative,val,gfc_2018_2020_expansion_temperate_china_01,0.05-0.10,0.053864,0.009065,/Users/zhoujinghe/Documents/Codex/2026-04-30/new-chat/GFC_Forest_256_10k/A/004721.png,/Users/zhoujinghe/Documents/Codex/2026-04-30/new-chat/GFC_Forest_256_10k/B/004721.png,/Users/zhoujinghe/Documents/Codex/2026-04-30/new-chat/GFC_Forest_256_10k/label/004721.png,,,,,
GFC10K-AUDIT-0397,007912,negative,train,gfc_2018_2020_expansion_se_asia_sumatra_02,0.20-0.40,0.330307,0.015060,/Users/zhoujinghe/Documents/Codex/2026-04-30/new-chat/GFC_Forest_256_10k/A/007912.png,/Users/zhoujinghe/Documents/Codex/2026-04-30/new-chat/GFC_Forest_256_10k/B/007912.png,/Users/zhoujinghe/Documents/Codex/2026-04-30/new-chat/GFC_Forest_256_10k/label/007912.png,,,,,
GFC10K-AUDIT-0398,006108,negative,test,gfc_2018_2020_expansion_boreal_canada_01,0.10-0.20,0.118774,0.002312,/Users/zhoujinghe/Documents/Codex/2026-04-30/new-chat/GFC_Forest_256_10k/A/006108.png,/Users/zhoujinghe/Documents/Codex/2026-04-30/new-chat/GFC_Forest_256_10k/B/006108.png,/Users/zhoujinghe/Documents/Codex/2026-04-30/new-chat/GFC_Forest_256_10k/label/006108.png,,,,,
GFC10K-AUDIT-0399,002612,negative,test,gfc_2018_2020_expansion_amazon_bolivia_01,0.05-0.10,0.063660,0.025407,/Users/zhoujinghe/Documents/Codex/2026-04-30/new-chat/GFC_Forest_256_10k/A/002612.png,/Users/zhoujinghe/Documents/Codex/2026-04-30/new-chat/GFC_Forest_256_10k/B/002612.png,/Users/zhoujinghe/Documents/Codex/2026-04-30/new-chat/GFC_Forest_256_10k/label/002612.png,,,,,
GFC10K-AUDIT-0400,007095,negative,test,gfc_2018_2020_expansion_amazon_guiana_01,0.20-0.40,0.201996,0.007630,/Users/zhoujinghe/Documents/Codex/2026-04-30/new-chat/GFC_Forest_256_10k/A/007095.png,/Users/zhoujinghe/Documents/Codex/2026-04-30/new-chat/GFC_Forest_256_10k/B/007095.png,/Users/zhoujinghe/Documents/Codex/2026-04-30/new-chat/GFC_Forest_256_10k/label/007095.png,,,,,
GFC10K-AUDIT-0401,001351,negative,train,gfc_2018_2020_expansion_amazon_guiana_01,0.20-0.40,0.246216,0.000496,/Users/zhoujinghe/Documents/Codex/2026-04-30/new-chat/GFC_Forest_256_10k/A/001351.png,/Users/zhoujinghe/Documents/Codex/2026-04-30/new-chat/GFC_Forest_256_10k/B/001351.png,/Users/zhoujinghe/Documents/Codex/2026-04-30/new-chat/GFC_Forest_256_10k/label/001351.png,,,,,
GFC10K-AUDIT-0402,005516,negative,test,gfc_2018_2020_expansion_amazon_bolivia_01,0.10-0.20,0.126785,0.000361,/Users/zhoujinghe/Documents/Codex/2026-04-30/new-chat/GFC_Forest_256_10k/A/005516.png,/Users/zhoujinghe/Documents/Codex/2026-04-30/new-chat/GFC_Forest_256_10k/B/005516.png,/Users/zhoujinghe/Documents/Codex/2026-04-30/new-chat/GFC_Forest_256_10k/label/005516.png,,,,,
GFC10K-AUDIT-0403,006449,negative,train,gfc_2018_2020_expansion_amazon_bolivia_01,0.10-0.20,0.126495,0.000241,/Users/zhoujinghe/Documents/Codex/2026-04-30/new-chat/GFC_Forest_256_10k/A/006449.png,/Users/zhoujinghe/Documents/Codex/2026-04-30/new-chat/GFC_Forest_256_10k/B/006449.png,/Users/zhoujinghe/Documents/Codex/2026-04-30/new-chat/GFC_Forest_256_10k/label/006449.png,,,,,
GFC10K-AUDIT-0404,002235,negative,val,gfc_2018_2020_expansion_boreal_canada_01,0.10-0.20,0.183670,0.000166,/Users/zhoujinghe/Documents/Codex/2026-04-30/new-chat/GFC_Forest_256_10k/A/002235.png,/Users/zhoujinghe/Documents/Codex/2026-04-30/new-chat/GFC_Forest_256_10k/B/002235.png,/Users/zhoujinghe/Documents/Codex/2026-04-30/new-chat/GFC_Forest_256_10k/label/002235.png,,,,,
GFC10K-AUDIT-0405,002804,negative,val,gfc_2018_2020_expansion_boreal_siberia_01,0.05-0.10,0.059097,0.000000,/Users/zhoujinghe/Documents/Codex/2026-04-30/new-chat/GFC_Forest_256_10k/A/002804.png,/Users/zhoujinghe/Documents/Codex/2026-04-30/new-chat/GFC_Forest_256_10k/B/002804.png,/Users/zhoujinghe/Documents/Codex/2026-04-30/new-chat/GFC_Forest_256_10k/label/002804.png,,,,,
GFC10K-AUDIT-0406,003366,negative,train,gfc_2018_2020_amazon_01,0.10-0.20,0.116882,0.006136,/Users/zhoujinghe/Documents/Codex/2026-04-30/new-chat/GFC_Forest_256_10k/A/003366.png,/Users/zhoujinghe/Documents/Codex/2026-04-30/new-chat/GFC_Forest_256_10k/B/003366.png,/Users/zhoujinghe/Documents/Codex/2026-04-30/new-chat/GFC_Forest_256_10k/label/003366.png,,,,,
GFC10K-AUDIT-0407,000410,negative,val,gfc_2018_2020_expansion_amazon_bolivia_01,0.20-0.40,0.372498,0.006841,/Users/zhoujinghe/Documents/Codex/2026-04-30/new-chat/GFC_Forest_256_10k/A/000410.png,/Users/zhoujinghe/Documents/Codex/2026-04-30/new-chat/GFC_Forest_256_10k/B/000410.png,/Users/zhoujinghe/Documents/Codex/2026-04-30/new-chat/GFC_Forest_256_10k/label/000410.png,,,,,
GFC10K-AUDIT-0408,004236,negative,train,gfc_2018_2020_expansion_boreal_canada_01,0.20-0.40,0.213531,0.014506,/Users/zhoujinghe/Documents/Codex/2026-04-30/new-chat/GFC_Forest_256_10k/A/004236.png,/Users/zhoujinghe/Documents/Codex/2026-04-30/new-chat/GFC_Forest_256_10k/B/004236.png,/Users/zhoujinghe/Documents/Codex/2026-04-30/new-chat/GFC_Forest_256_10k/label/004236.png,,,,,
GFC10K-AUDIT-0409,005280,negative,train,gfc_2018_2020_expansion_andes_cloudforest_01,0.05-0.10,0.075195,0.002841,/Users/zhoujinghe/Documents/Codex/2026-04-30/new-chat/GFC_Forest_256_10k/A/005280.png,/Users/zhoujinghe/Documents/Codex/2026-04-30/new-chat/GFC_Forest_256_10k/B/005280.png,/Users/zhoujinghe/Documents/Codex/2026-04-30/new-chat/GFC_Forest_256_10k/label/005280.png,,,,,
GFC10K-AUDIT-0410,007655,negative,val,gfc_2018_2020_borneo_01,0.05-0.10,0.052658,0.000000,/Users/zhoujinghe/Documents/Codex/2026-04-30/new-chat/GFC_Forest_256_10k/A/007655.png,/Users/zhoujinghe/Documents/Codex/2026-04-30/new-chat/GFC_Forest_256_10k/B/007655.png,/Users/zhoujinghe/Documents/Codex/2026-04-30/new-chat/GFC_Forest_256_10k/label/007655.png,,,,,
GFC10K-AUDIT-0411,004094,negative,test,gfc_2018_2020_expansion_amazon_guiana_01,0.05-0.10,0.063110,0.001692,/Users/zhoujinghe/Documents/Codex/2026-04-30/new-chat/GFC_Forest_256_10k/A/004094.png,/Users/zhoujinghe/Documents/Codex/2026-04-30/new-chat/GFC_Forest_256_10k/B/004094.png,/Users/zhoujinghe/Documents/Codex/2026-04-30/new-chat/GFC_Forest_256_10k/label/004094.png,,,,,
GFC10K-AUDIT-0412,004264,negative,train,gfc_2018_2020_expansion_amazon_colombia_01,0.10-0.20,0.101807,0.001049,/Users/zhoujinghe/Documents/Codex/2026-04-30/new-chat/GFC_Forest_256_10k/A/004264.png,/Users/zhoujinghe/Documents/Codex/2026-04-30/new-chat/GFC_Forest_256_10k/B/004264.png,/Users/zhoujinghe/Documents/Codex/2026-04-30/new-chat/GFC_Forest_256_10k/label/004264.png,,,,,
GFC10K-AUDIT-0413,005729,negative,val,gfc_2018_2020_expansion_amazon_bolivia_01,0.10-0.20,0.122574,0.000000,/Users/zhoujinghe/Documents/Codex/2026-04-30/new-chat/GFC_Forest_256_10k/A/005729.png,/Users/zhoujinghe/Documents/Codex/2026-04-30/new-chat/GFC_Forest_256_10k/B/005729.png,/Users/zhoujinghe/Documents/Codex/2026-04-30/new-chat/GFC_Forest_256_10k/label/005729.png,,,,,
GFC10K-AUDIT-0414,000353,negative,val,gfc_2018_2020_amazon_01,0.10-0.20,0.108444,0.019980,/Users/zhoujinghe/Documents/Codex/2026-04-30/new-chat/GFC_Forest_256_10k/A/000353.png,/Users/zhoujinghe/Documents/Codex/2026-04-30/new-chat/GFC_Forest_256_10k/B/000353.png,/Users/zhoujinghe/Documents/Codex/2026-04-30/new-chat/GFC_Forest_256_10k/label/000353.png,,,,,
GFC10K-AUDIT-0415,009890,negative,train,gfc_2018_2020_amazon_01,0.20-0.40,0.235886,0.021153,/Users/zhoujinghe/Documents/Codex/2026-04-30/new-chat/GFC_Forest_256_10k/A/009890.png,/Users/zhoujinghe/Documents/Codex/2026-04-30/new-chat/GFC_Forest_256_10k/B/009890.png,/Users/zhoujinghe/Documents/Codex/2026-04-30/new-chat/GFC_Forest_256_10k/label/009890.png,,,,,
GFC10K-AUDIT-0416,007509,negative,train,gfc_2018_2020_expansion_central_america_01,0.05-0.10,0.058929,0.026929,/Users/zhoujinghe/Documents/Codex/2026-04-30/new-chat/GFC_Forest_256_10k/A/007509.png,/Users/zhoujinghe/Documents/Codex/2026-04-30/new-chat/GFC_Forest_256_10k/B/007509.png,/Users/zhoujinghe/Documents/Codex/2026-04-30/new-chat/GFC_Forest_256_10k/label/007509.png,,,,,
GFC10K-AUDIT-0417,005940,negative,train,gfc_2018_2020_expansion_se_asia_myanmar_01,0.05-0.10,0.053116,0.000000,/Users/zhoujinghe/Documents/Codex/2026-04-30/new-chat/GFC_Forest_256_10k/A/005940.png,/Users/zhoujinghe/Documents/Codex/2026-04-30/new-chat/GFC_Forest_256_10k/B/005940.png,/Users/zhoujinghe/Documents/Codex/2026-04-30/new-chat/GFC_Forest_256_10k/label/005940.png,,,,,
GFC10K-AUDIT-0418,002590,negative,val,gfc_2018_2020_amazon_02,0.05-0.10,0.073303,0.014155,/Users/zhoujinghe/Documents/Codex/2026-04-30/new-chat/GFC_Forest_256_10k/A/002590.png,/Users/zhoujinghe/Documents/Codex/2026-04-30/new-chat/GFC_Forest_256_10k/B/002590.png,/Users/zhoujinghe/Documents/Codex/2026-04-30/new-chat/GFC_Forest_256_10k/label/002590.png,,,,,
GFC10K-AUDIT-0419,004885,negative,val,gfc_2018_2020_expansion_boreal_siberia_01,0.10-0.20,0.111038,0.000000,/Users/zhoujinghe/Documents/Codex/2026-04-30/new-chat/GFC_Forest_256_10k/A/004885.png,/Users/zhoujinghe/Documents/Codex/2026-04-30/new-chat/GFC_Forest_256_10k/B/004885.png,/Users/zhoujinghe/Documents/Codex/2026-04-30/new-chat/GFC_Forest_256_10k/label/004885.png,,,,,
GFC10K-AUDIT-0420,005407,negative,train,gfc_2018_2020_expansion_amazon_bolivia_01,>=0.40,0.485580,0.000094,/Users/zhoujinghe/Documents/Codex/2026-04-30/new-chat/GFC_Forest_256_10k/A/005407.png,/Users/zhoujinghe/Documents/Codex/2026-04-30/new-chat/GFC_Forest_256_10k/B/005407.png,/Users/zhoujinghe/Documents/Codex/2026-04-30/new-chat/GFC_Forest_256_10k/label/005407.png,,,,,
GFC10K-AUDIT-0421,003140,negative,train,gfc_2018_2020_expansion_amazon_guiana_01,0.10-0.20,0.108948,0.018768,/Users/zhoujinghe/Documents/Codex/2026-04-30/new-chat/GFC_Forest_256_10k/A/003140.png,/Users/zhoujinghe/Documents/Codex/2026-04-30/new-chat/GFC_Forest_256_10k/B/003140.png,/Users/zhoujinghe/Documents/Codex/2026-04-30/new-chat/GFC_Forest_256_10k/label/003140.png,,,,,
GFC10K-AUDIT-0422,006704,negative,test,gfc_2018_2020_expansion_andes_cloudforest_01,0.10-0.20,0.127075,0.014049,/Users/zhoujinghe/Documents/Codex/2026-04-30/new-chat/GFC_Forest_256_10k/A/006704.png,/Users/zhoujinghe/Documents/Codex/2026-04-30/new-chat/GFC_Forest_256_10k/B/006704.png,/Users/zhoujinghe/Documents/Codex/2026-04-30/new-chat/GFC_Forest_256_10k/label/006704.png,,,,,
GFC10K-AUDIT-0423,009099,negative,test,gfc_2018_2020_borneo_02,0.05-0.10,0.095230,0.007050,/Users/zhoujinghe/Documents/Codex/2026-04-30/new-chat/GFC_Forest_256_10k/A/009099.png,/Users/zhoujinghe/Documents/Codex/2026-04-30/new-chat/GFC_Forest_256_10k/B/009099.png,/Users/zhoujinghe/Documents/Codex/2026-04-30/new-chat/GFC_Forest_256_10k/label/009099.png,,,,,
GFC10K-AUDIT-0424,001225,negative,train,gfc_2018_2020_expansion_se_asia_borneo_03,>=0.40,0.405212,0.003163,/Users/zhoujinghe/Documents/Codex/2026-04-30/new-chat/GFC_Forest_256_10k/A/001225.png,/Users/zhoujinghe/Documents/Codex/2026-04-30/new-chat/GFC_Forest_256_10k/B/001225.png,/Users/zhoujinghe/Documents/Codex/2026-04-30/new-chat/GFC_Forest_256_10k/label/001225.png,,,,,
GFC10K-AUDIT-0425,000426,negative,train,gfc_2018_2020_expansion_central_america_01,0.20-0.40,0.332809,0.026867,/Users/zhoujinghe/Documents/Codex/2026-04-30/new-chat/GFC_Forest_256_10k/A/000426.png,/Users/zhoujinghe/Documents/Codex/2026-04-30/new-chat/GFC_Forest_256_10k/B/000426.png,/Users/zhoujinghe/Documents/Codex/2026-04-30/new-chat/GFC_Forest_256_10k/label/000426.png,,,,,
GFC10K-AUDIT-0426,007403,negative,val,gfc_2018_2020_borneo_02,0.20-0.40,0.356644,0.001711,/Users/zhoujinghe/Documents/Codex/2026-04-30/new-chat/GFC_Forest_256_10k/A/007403.png,/Users/zhoujinghe/Documents/Codex/2026-04-30/new-chat/GFC_Forest_256_10k/B/007403.png,/Users/zhoujinghe/Documents/Codex/2026-04-30/new-chat/GFC_Forest_256_10k/label/007403.png,,,,,
GFC10K-AUDIT-0427,008867,negative,test,gfc_2018_2020_borneo_02,0.10-0.20,0.106735,0.029307,/Users/zhoujinghe/Documents/Codex/2026-04-30/new-chat/GFC_Forest_256_10k/A/008867.png,/Users/zhoujinghe/Documents/Codex/2026-04-30/new-chat/GFC_Forest_256_10k/B/008867.png,/Users/zhoujinghe/Documents/Codex/2026-04-30/new-chat/GFC_Forest_256_10k/label/008867.png,,,,,
GFC10K-AUDIT-0428,004709,negative,train,gfc_2018_2020_amazon_02,0.20-0.40,0.374542,0.005785,/Users/zhoujinghe/Documents/Codex/2026-04-30/new-chat/GFC_Forest_256_10k/A/004709.png,/Users/zhoujinghe/Documents/Codex/2026-04-30/new-chat/GFC_Forest_256_10k/B/004709.png,/Users/zhoujinghe/Documents/Codex/2026-04-30/new-chat/GFC_Forest_256_10k/label/004709.png,,,,,
GFC10K-AUDIT-0429,008389,negative,val,gfc_2018_2020_borneo_02,>=0.40,0.785629,0.012430,/Users/zhoujinghe/Documents/Codex/2026-04-30/new-chat/GFC_Forest_256_10k/A/008389.png,/Users/zhoujinghe/Documents/Codex/2026-04-30/new-chat/GFC_Forest_256_10k/B/008389.png,/Users/zhoujinghe/Documents/Codex/2026-04-30/new-chat/GFC_Forest_256_10k/label/008389.png,,,,,
GFC10K-AUDIT-0430,009107,negative,test,gfc_2018_2020_expansion_mexico_yucatan_01,0.05-0.10,0.051849,0.016480,/Users/zhoujinghe/Documents/Codex/2026-04-30/new-chat/GFC_Forest_256_10k/A/009107.png,/Users/zhoujinghe/Documents/Codex/2026-04-30/new-chat/GFC_Forest_256_10k/B/009107.png,/Users/zhoujinghe/Documents/Codex/2026-04-30/new-chat/GFC_Forest_256_10k/label/009107.png,,,,,
GFC10K-AUDIT-0431,000656,negative,train,gfc_2018_2020_expansion_se_asia_sumatra_02,>=0.40,0.442444,0.029349,/Users/zhoujinghe/Documents/Codex/2026-04-30/new-chat/GFC_Forest_256_10k/A/000656.png,/Users/zhoujinghe/Documents/Codex/2026-04-30/new-chat/GFC_Forest_256_10k/B/000656.png,/Users/zhoujinghe/Documents/Codex/2026-04-30/new-chat/GFC_Forest_256_10k/label/000656.png,,,,,
GFC10K-AUDIT-0432,003693,negative,val,gfc_2018_2020_amazon_02,0.20-0.40,0.214508,0.002703,/Users/zhoujinghe/Documents/Codex/2026-04-30/new-chat/GFC_Forest_256_10k/A/003693.png,/Users/zhoujinghe/Documents/Codex/2026-04-30/new-chat/GFC_Forest_256_10k/B/003693.png,/Users/zhoujinghe/Documents/Codex/2026-04-30/new-chat/GFC_Forest_256_10k/label/003693.png,,,,,
GFC10K-AUDIT-0433,001085,negative,train,gfc_2018_2020_expansion_se_asia_borneo_03,0.10-0.20,0.128479,0.006651,/Users/zhoujinghe/Documents/Codex/2026-04-30/new-chat/GFC_Forest_256_10k/A/001085.png,/Users/zhoujinghe/Documents/Codex/2026-04-30/new-chat/GFC_Forest_256_10k/B/001085.png,/Users/zhoujinghe/Documents/Codex/2026-04-30/new-chat/GFC_Forest_256_10k/label/001085.png,,,,,
GFC10K-AUDIT-0434,004304,negative,test,gfc_2018_2020_expansion_boreal_canada_01,0.05-0.10,0.096191,0.000635,/Users/zhoujinghe/Documents/Codex/2026-04-30/new-chat/GFC_Forest_256_10k/A/004304.png,/Users/zhoujinghe/Documents/Codex/2026-04-30/new-chat/GFC_Forest_256_10k/B/004304.png,/Users/zhoujinghe/Documents/Codex/2026-04-30/new-chat/GFC_Forest_256_10k/label/004304.png,,,,,
GFC10K-AUDIT-0435,002455,negative,test,gfc_2018_2020_amazon_02,0.10-0.20,0.195145,0.025491,/Users/zhoujinghe/Documents/Codex/2026-04-30/new-chat/GFC_Forest_256_10k/A/002455.png,/Users/zhoujinghe/Documents/Codex/2026-04-30/new-chat/GFC_Forest_256_10k/B/002455.png,/Users/zhoujinghe/Documents/Codex/2026-04-30/new-chat/GFC_Forest_256_10k/label/002455.png,,,,,
GFC10K-AUDIT-0436,007930,negative,train,gfc_2018_2020_expansion_amazon_colombia_01,0.05-0.10,0.053055,0.000000,/Users/zhoujinghe/Documents/Codex/2026-04-30/new-chat/GFC_Forest_256_10k/A/007930.png,/Users/zhoujinghe/Documents/Codex/2026-04-30/new-chat/GFC_Forest_256_10k/B/007930.png,/Users/zhoujinghe/Documents/Codex/2026-04-30/new-chat/GFC_Forest_256_10k/label/007930.png,,,,,
GFC10K-AUDIT-0437,006001,negative,test,gfc_2018_2020_expansion_mexico_yucatan_01,0.10-0.20,0.143890,0.022906,/Users/zhoujinghe/Documents/Codex/2026-04-30/new-chat/GFC_Forest_256_10k/A/006001.png,/Users/zhoujinghe/Documents/Codex/2026-04-30/new-chat/GFC_Forest_256_10k/B/006001.png,/Users/zhoujinghe/Documents/Codex/2026-04-30/new-chat/GFC_Forest_256_10k/label/006001.png,,,,,
GFC10K-AUDIT-0438,000258,negative,val,gfc_2018_2020_expansion_congo_cameroon_01,0.05-0.10,0.065750,0.000000,/Users/zhoujinghe/Documents/Codex/2026-04-30/new-chat/GFC_Forest_256_10k/A/000258.png,/Users/zhoujinghe/Documents/Codex/2026-04-30/new-chat/GFC_Forest_256_10k/B/000258.png,/Users/zhoujinghe/Documents/Codex/2026-04-30/new-chat/GFC_Forest_256_10k/label/000258.png,,,,,
GFC10K-AUDIT-0439,005144,negative,test,gfc_2018_2020_expansion_andes_cloudforest_01,0.05-0.10,0.070831,0.025636,/Users/zhoujinghe/Documents/Codex/2026-04-30/new-chat/GFC_Forest_256_10k/A/005144.png,/Users/zhoujinghe/Documents/Codex/2026-04-30/new-chat/GFC_Forest_256_10k/B/005144.png,/Users/zhoujinghe/Documents/Codex/2026-04-30/new-chat/GFC_Forest_256_10k/label/005144.png,,,,,
GFC10K-AUDIT-0440,004338,negative,test,gfc_2018_2020_expansion_boreal_siberia_01,0.05-0.10,0.080856,0.004340,/Users/zhoujinghe/Documents/Codex/2026-04-30/new-chat/GFC_Forest_256_10k/A/004338.png,/Users/zhoujinghe/Documents/Codex/2026-04-30/new-chat/GFC_Forest_256_10k/B/004338.png,/Users/zhoujinghe/Documents/Codex/2026-04-30/new-chat/GFC_Forest_256_10k/label/004338.png,,,,,
GFC10K-AUDIT-0441,004198,negative,train,gfc_2018_2020_expansion_boreal_canada_01,0.05-0.10,0.080887,0.000000,/Users/zhoujinghe/Documents/Codex/2026-04-30/new-chat/GFC_Forest_256_10k/A/004198.png,/Users/zhoujinghe/Documents/Codex/2026-04-30/new-chat/GFC_Forest_256_10k/B/004198.png,/Users/zhoujinghe/Documents/Codex/2026-04-30/new-chat/GFC_Forest_256_10k/label/004198.png,,,,,
GFC10K-AUDIT-0442,008251,negative,val,gfc_2018_2020_expansion_se_asia_sumatra_02,0.05-0.10,0.050400,0.019376,/Users/zhoujinghe/Documents/Codex/2026-04-30/new-chat/GFC_Forest_256_10k/A/008251.png,/Users/zhoujinghe/Documents/Codex/2026-04-30/new-chat/GFC_Forest_256_10k/B/008251.png,/Users/zhoujinghe/Documents/Codex/2026-04-30/new-chat/GFC_Forest_256_10k/label/008251.png,,,,,
GFC10K-AUDIT-0443,002380,negative,train,gfc_2018_2020_expansion_congo_caf_01,0.05-0.10,0.051651,0.002068,/Users/zhoujinghe/Documents/Codex/2026-04-30/new-chat/GFC_Forest_256_10k/A/002380.png,/Users/zhoujinghe/Documents/Codex/2026-04-30/new-chat/GFC_Forest_256_10k/B/002380.png,/Users/zhoujinghe/Documents/Codex/2026-04-30/new-chat/GFC_Forest_256_10k/label/002380.png,,,,,
GFC10K-AUDIT-0444,008217,negative,val,gfc_2018_2020_expansion_se_asia_borneo_03,0.05-0.10,0.069992,0.011336,/Users/zhoujinghe/Documents/Codex/2026-04-30/new-chat/GFC_Forest_256_10k/A/008217.png,/Users/zhoujinghe/Documents/Codex/2026-04-30/new-chat/GFC_Forest_256_10k/B/008217.png,/Users/zhoujinghe/Documents/Codex/2026-04-30/new-chat/GFC_Forest_256_10k/label/008217.png,,,,,
GFC10K-AUDIT-0445,003009,negative,train,gfc_2018_2020_expansion_central_america_01,0.10-0.20,0.101822,0.028773,/Users/zhoujinghe/Documents/Codex/2026-04-30/new-chat/GFC_Forest_256_10k/A/003009.png,/Users/zhoujinghe/Documents/Codex/2026-04-30/new-chat/GFC_Forest_256_10k/B/003009.png,/Users/zhoujinghe/Documents/Codex/2026-04-30/new-chat/GFC_Forest_256_10k/label/003009.png,,,,,
GFC10K-AUDIT-0446,006912,negative,test,gfc_2018_2020_expansion_se_asia_borneo_03,0.20-0.40,0.321106,0.023094,/Users/zhoujinghe/Documents/Codex/2026-04-30/new-chat/GFC_Forest_256_10k/A/006912.png,/Users/zhoujinghe/Documents/Codex/2026-04-30/new-chat/GFC_Forest_256_10k/B/006912.png,/Users/zhoujinghe/Documents/Codex/2026-04-30/new-chat/GFC_Forest_256_10k/label/006912.png,,,,,
GFC10K-AUDIT-0447,006261,negative,train,gfc_2018_2020_expansion_temperate_china_01,0.05-0.10,0.067642,0.014888,/Users/zhoujinghe/Documents/Codex/2026-04-30/new-chat/GFC_Forest_256_10k/A/006261.png,/Users/zhoujinghe/Documents/Codex/2026-04-30/new-chat/GFC_Forest_256_10k/B/006261.png,/Users/zhoujinghe/Documents/Codex/2026-04-30/new-chat/GFC_Forest_256_10k/label/006261.png,,,,,
GFC10K-AUDIT-0448,009049,negative,val,gfc_2018_2020_expansion_amazon_bolivia_01,0.05-0.10,0.085678,0.008905,/Users/zhoujinghe/Documents/Codex/2026-04-30/new-chat/GFC_Forest_256_10k/A/009049.png,/Users/zhoujinghe/Documents/Codex/2026-04-30/new-chat/GFC_Forest_256_10k/B/009049.png,/Users/zhoujinghe/Documents/Codex/2026-04-30/new-chat/GFC_Forest_256_10k/label/009049.png,,,,,
GFC10K-AUDIT-0449,001019,negative,val,gfc_2018_2020_amazon_01,0.20-0.40,0.220688,0.018253,/Users/zhoujinghe/Documents/Codex/2026-04-30/new-chat/GFC_Forest_256_10k/A/001019.png,/Users/zhoujinghe/Documents/Codex/2026-04-30/new-chat/GFC_Forest_256_10k/B/001019.png,/Users/zhoujinghe/Documents/Codex/2026-04-30/new-chat/GFC_Forest_256_10k/label/001019.png,,,,,
GFC10K-AUDIT-0450,008284,negative,test,gfc_2018_2020_expansion_se_asia_borneo_03,0.05-0.10,0.071945,0.020361,/Users/zhoujinghe/Documents/Codex/2026-04-30/new-chat/GFC_Forest_256_10k/A/008284.png,/Users/zhoujinghe/Documents/Codex/2026-04-30/new-chat/GFC_Forest_256_10k/B/008284.png,/Users/zhoujinghe/Documents/Codex/2026-04-30/new-chat/GFC_Forest_256_10k/label/008284.png,,,,,
GFC10K-AUDIT-0451,009138,negative,test,gfc_2018_2020_expansion_mexico_yucatan_01,0.20-0.40,0.231171,0.008053,/Users/zhoujinghe/Documents/Codex/2026-04-30/new-chat/GFC_Forest_256_10k/A/009138.png,/Users/zhoujinghe/Documents/Codex/2026-04-30/new-chat/GFC_Forest_256_10k/B/009138.png,/Users/zhoujinghe/Documents/Codex/2026-04-30/new-chat/GFC_Forest_256_10k/label/009138.png,,,,,
GFC10K-AUDIT-0452,008124,negative,test,gfc_2018_2020_amazon_01,0.10-0.20,0.123932,0.006402,/Users/zhoujinghe/Documents/Codex/2026-04-30/new-chat/GFC_Forest_256_10k/A/008124.png,/Users/zhoujinghe/Documents/Codex/2026-04-30/new-chat/GFC_Forest_256_10k/B/008124.png,/Users/zhoujinghe/Documents/Codex/2026-04-30/new-chat/GFC_Forest_256_10k/label/008124.png,,,,,
GFC10K-AUDIT-0453,000122,negative,train,gfc_2018_2020_expansion_amazon_bolivia_01,0.20-0.40,0.390030,0.000000,/Users/zhoujinghe/Documents/Codex/2026-04-30/new-chat/GFC_Forest_256_10k/A/000122.png,/Users/zhoujinghe/Documents/Codex/2026-04-30/new-chat/GFC_Forest_256_10k/B/000122.png,/Users/zhoujinghe/Documents/Codex/2026-04-30/new-chat/GFC_Forest_256_10k/label/000122.png,,,,,
GFC10K-AUDIT-0454,008615,negative,test,gfc_2018_2020_borneo_02,>=0.40,0.586411,0.002498,/Users/zhoujinghe/Documents/Codex/2026-04-30/new-chat/GFC_Forest_256_10k/A/008615.png,/Users/zhoujinghe/Documents/Codex/2026-04-30/new-chat/GFC_Forest_256_10k/B/008615.png,/Users/zhoujinghe/Documents/Codex/2026-04-30/new-chat/GFC_Forest_256_10k/label/008615.png,,,,,
GFC10K-AUDIT-0455,007422,negative,test,gfc_2018_2020_amazon_01,0.05-0.10,0.070679,0.000648,/Users/zhoujinghe/Documents/Codex/2026-04-30/new-chat/GFC_Forest_256_10k/A/007422.png,/Users/zhoujinghe/Documents/Codex/2026-04-30/new-chat/GFC_Forest_256_10k/B/007422.png,/Users/zhoujinghe/Documents/Codex/2026-04-30/new-chat/GFC_Forest_256_10k/label/007422.png,,,,,
GFC10K-AUDIT-0456,001271,negative,val,gfc_2018_2020_expansion_se_asia_borneo_03,0.10-0.20,0.192764,0.024618,/Users/zhoujinghe/Documents/Codex/2026-04-30/new-chat/GFC_Forest_256_10k/A/001271.png,/Users/zhoujinghe/Documents/Codex/2026-04-30/new-chat/GFC_Forest_256_10k/B/001271.png,/Users/zhoujinghe/Documents/Codex/2026-04-30/new-chat/GFC_Forest_256_10k/label/001271.png,,,,,
GFC10K-AUDIT-0457,009180,negative,train,gfc_2018_2020_expansion_temperate_europe_01,0.05-0.10,0.062500,0.000000,/Users/zhoujinghe/Documents/Codex/2026-04-30/new-chat/GFC_Forest_256_10k/A/009180.png,/Users/zhoujinghe/Documents/Codex/2026-04-30/new-chat/GFC_Forest_256_10k/B/009180.png,/Users/zhoujinghe/Documents/Codex/2026-04-30/new-chat/GFC_Forest_256_10k/label/009180.png,,,,,
GFC10K-AUDIT-0458,007900,negative,val,gfc_2018_2020_expansion_boreal_canada_01,0.20-0.40,0.292633,0.000521,/Users/zhoujinghe/Documents/Codex/2026-04-30/new-chat/GFC_Forest_256_10k/A/007900.png,/Users/zhoujinghe/Documents/Codex/2026-04-30/new-chat/GFC_Forest_256_10k/B/007900.png,/Users/zhoujinghe/Documents/Codex/2026-04-30/new-chat/GFC_Forest_256_10k/label/007900.png,,,,,
GFC10K-AUDIT-0459,001625,negative,train,gfc_2018_2020_expansion_se_asia_papua_01,0.05-0.10,0.053162,0.018370,/Users/zhoujinghe/Documents/Codex/2026-04-30/new-chat/GFC_Forest_256_10k/A/001625.png,/Users/zhoujinghe/Documents/Codex/2026-04-30/new-chat/GFC_Forest_256_10k/B/001625.png,/Users/zhoujinghe/Documents/Codex/2026-04-30/new-chat/GFC_Forest_256_10k/label/001625.png,,,,,
GFC10K-AUDIT-0460,008844,negative,val,gfc_2018_2020_amazon_02,0.10-0.20,0.107254,0.006260,/Users/zhoujinghe/Documents/Codex/2026-04-30/new-chat/GFC_Forest_256_10k/A/008844.png,/Users/zhoujinghe/Documents/Codex/2026-04-30/new-chat/GFC_Forest_256_10k/B/008844.png,/Users/zhoujinghe/Documents/Codex/2026-04-30/new-chat/GFC_Forest_256_10k/label/008844.png,,,,,
GFC10K-AUDIT-0461,007191,negative,train,gfc_2018_2020_borneo_02,0.05-0.10,0.099167,0.001231,/Users/zhoujinghe/Documents/Codex/2026-04-30/new-chat/GFC_Forest_256_10k/A/007191.png,/Users/zhoujinghe/Documents/Codex/2026-04-30/new-chat/GFC_Forest_256_10k/B/007191.png,/Users/zhoujinghe/Documents/Codex/2026-04-30/new-chat/GFC_Forest_256_10k/label/007191.png,,,,,
GFC10K-AUDIT-0462,009178,negative,train,gfc_2018_2020_amazon_01,0.05-0.10,0.060806,0.006524,/Users/zhoujinghe/Documents/Codex/2026-04-30/new-chat/GFC_Forest_256_10k/A/009178.png,/Users/zhoujinghe/Documents/Codex/2026-04-30/new-chat/GFC_Forest_256_10k/B/009178.png,/Users/zhoujinghe/Documents/Codex/2026-04-30/new-chat/GFC_Forest_256_10k/label/009178.png,,,,,
GFC10K-AUDIT-0463,001628,negative,test,gfc_2018_2020_amazon_02,0.20-0.40,0.213928,0.011983,/Users/zhoujinghe/Documents/Codex/2026-04-30/new-chat/GFC_Forest_256_10k/A/001628.png,/Users/zhoujinghe/Documents/Codex/2026-04-30/new-chat/GFC_Forest_256_10k/B/001628.png,/Users/zhoujinghe/Documents/Codex/2026-04-30/new-chat/GFC_Forest_256_10k/label/001628.png,,,,,
GFC10K-AUDIT-0464,007708,negative,train,gfc_2018_2020_amazon_02,0.10-0.20,0.144897,0.000948,/Users/zhoujinghe/Documents/Codex/2026-04-30/new-chat/GFC_Forest_256_10k/A/007708.png,/Users/zhoujinghe/Documents/Codex/2026-04-30/new-chat/GFC_Forest_256_10k/B/007708.png,/Users/zhoujinghe/Documents/Codex/2026-04-30/new-chat/GFC_Forest_256_10k/label/007708.png,,,,,
GFC10K-AUDIT-0465,001348,negative,train,gfc_2018_2020_amazon_02,0.05-0.10,0.058121,0.000263,/Users/zhoujinghe/Documents/Codex/2026-04-30/new-chat/GFC_Forest_256_10k/A/001348.png,/Users/zhoujinghe/Documents/Codex/2026-04-30/new-chat/GFC_Forest_256_10k/B/001348.png,/Users/zhoujinghe/Documents/Codex/2026-04-30/new-chat/GFC_Forest_256_10k/label/001348.png,,,,,
GFC10K-AUDIT-0466,000468,negative,train,gfc_2018_2020_expansion_madagascar_east_01,0.05-0.10,0.052170,0.025446,/Users/zhoujinghe/Documents/Codex/2026-04-30/new-chat/GFC_Forest_256_10k/A/000468.png,/Users/zhoujinghe/Documents/Codex/2026-04-30/new-chat/GFC_Forest_256_10k/B/000468.png,/Users/zhoujinghe/Documents/Codex/2026-04-30/new-chat/GFC_Forest_256_10k/label/000468.png,,,,,
GFC10K-AUDIT-0467,006616,negative,train,gfc_2018_2020_expansion_se_asia_borneo_03,0.20-0.40,0.229645,0.006977,/Users/zhoujinghe/Documents/Codex/2026-04-30/new-chat/GFC_Forest_256_10k/A/006616.png,/Users/zhoujinghe/Documents/Codex/2026-04-30/new-chat/GFC_Forest_256_10k/B/006616.png,/Users/zhoujinghe/Documents/Codex/2026-04-30/new-chat/GFC_Forest_256_10k/label/006616.png,,,,,
GFC10K-AUDIT-0468,000830,negative,train,gfc_2018_2020_expansion_congo_cameroon_01,0.05-0.10,0.050751,0.024955,/Users/zhoujinghe/Documents/Codex/2026-04-30/new-chat/GFC_Forest_256_10k/A/000830.png,/Users/zhoujinghe/Documents/Codex/2026-04-30/new-chat/GFC_Forest_256_10k/B/000830.png,/Users/zhoujinghe/Documents/Codex/2026-04-30/new-chat/GFC_Forest_256_10k/label/000830.png,,,,,
GFC10K-AUDIT-0469,007277,negative,test,gfc_2018_2020_borneo_02,0.20-0.40,0.367859,0.006554,/Users/zhoujinghe/Documents/Codex/2026-04-30/new-chat/GFC_Forest_256_10k/A/007277.png,/Users/zhoujinghe/Documents/Codex/2026-04-30/new-chat/GFC_Forest_256_10k/B/007277.png,/Users/zhoujinghe/Documents/Codex/2026-04-30/new-chat/GFC_Forest_256_10k/label/007277.png,,,,,
GFC10K-AUDIT-0470,002381,negative,train,gfc_2018_2020_expansion_mexico_yucatan_01,0.10-0.20,0.188522,0.009389,/Users/zhoujinghe/Documents/Codex/2026-04-30/new-chat/GFC_Forest_256_10k/A/002381.png,/Users/zhoujinghe/Documents/Codex/2026-04-30/new-chat/GFC_Forest_256_10k/B/002381.png,/Users/zhoujinghe/Documents/Codex/2026-04-30/new-chat/GFC_Forest_256_10k/label/002381.png,,,,,
GFC10K-AUDIT-0471,001490,negative,train,gfc_2018_2020_expansion_boreal_siberia_01,0.05-0.10,0.050461,0.000907,/Users/zhoujinghe/Documents/Codex/2026-04-30/new-chat/GFC_Forest_256_10k/A/001490.png,/Users/zhoujinghe/Documents/Codex/2026-04-30/new-chat/GFC_Forest_256_10k/B/001490.png,/Users/zhoujinghe/Documents/Codex/2026-04-30/new-chat/GFC_Forest_256_10k/label/001490.png,,,,,
GFC10K-AUDIT-0472,008062,negative,train,gfc_2018_2020_expansion_andes_cloudforest_01,0.10-0.20,0.122864,0.001739,/Users/zhoujinghe/Documents/Codex/2026-04-30/new-chat/GFC_Forest_256_10k/A/008062.png,/Users/zhoujinghe/Documents/Codex/2026-04-30/new-chat/GFC_Forest_256_10k/B/008062.png,/Users/zhoujinghe/Documents/Codex/2026-04-30/new-chat/GFC_Forest_256_10k/label/008062.png,,,,,
GFC10K-AUDIT-0473,003029,negative,train,gfc_2018_2020_expansion_boreal_siberia_01,0.20-0.40,0.202026,0.000680,/Users/zhoujinghe/Documents/Codex/2026-04-30/new-chat/GFC_Forest_256_10k/A/003029.png,/Users/zhoujinghe/Documents/Codex/2026-04-30/new-chat/GFC_Forest_256_10k/B/003029.png,/Users/zhoujinghe/Documents/Codex/2026-04-30/new-chat/GFC_Forest_256_10k/label/003029.png,,,,,
GFC10K-AUDIT-0474,004227,negative,train,gfc_2018_2020_amazon_02,>=0.40,0.444000,0.005086,/Users/zhoujinghe/Documents/Codex/2026-04-30/new-chat/GFC_Forest_256_10k/A/004227.png,/Users/zhoujinghe/Documents/Codex/2026-04-30/new-chat/GFC_Forest_256_10k/B/004227.png,/Users/zhoujinghe/Documents/Codex/2026-04-30/new-chat/GFC_Forest_256_10k/label/004227.png,,,,,
GFC10K-AUDIT-0475,007897,negative,test,gfc_2018_2020_expansion_amazon_guiana_01,0.10-0.20,0.161102,0.005872,/Users/zhoujinghe/Documents/Codex/2026-04-30/new-chat/GFC_Forest_256_10k/A/007897.png,/Users/zhoujinghe/Documents/Codex/2026-04-30/new-chat/GFC_Forest_256_10k/B/007897.png,/Users/zhoujinghe/Documents/Codex/2026-04-30/new-chat/GFC_Forest_256_10k/label/007897.png,,,,,
GFC10K-AUDIT-0476,009078,negative,train,gfc_2018_2020_expansion_mexico_yucatan_01,0.20-0.40,0.303009,0.006295,/Users/zhoujinghe/Documents/Codex/2026-04-30/new-chat/GFC_Forest_256_10k/A/009078.png,/Users/zhoujinghe/Documents/Codex/2026-04-30/new-chat/GFC_Forest_256_10k/B/009078.png,/Users/zhoujinghe/Documents/Codex/2026-04-30/new-chat/GFC_Forest_256_10k/label/009078.png,,,,,
GFC10K-AUDIT-0477,005356,negative,val,gfc_2018_2020_amazon_01,0.05-0.10,0.050797,0.000000,/Users/zhoujinghe/Documents/Codex/2026-04-30/new-chat/GFC_Forest_256_10k/A/005356.png,/Users/zhoujinghe/Documents/Codex/2026-04-30/new-chat/GFC_Forest_256_10k/B/005356.png,/Users/zhoujinghe/Documents/Codex/2026-04-30/new-chat/GFC_Forest_256_10k/label/005356.png,,,,,
GFC10K-AUDIT-0478,000084,negative,train,gfc_2018_2020_borneo_01,0.05-0.10,0.053101,0.002011,/Users/zhoujinghe/Documents/Codex/2026-04-30/new-chat/GFC_Forest_256_10k/A/000084.png,/Users/zhoujinghe/Documents/Codex/2026-04-30/new-chat/GFC_Forest_256_10k/B/000084.png,/Users/zhoujinghe/Documents/Codex/2026-04-30/new-chat/GFC_Forest_256_10k/label/000084.png,,,,,
GFC10K-AUDIT-0479,007031,negative,train,gfc_2018_2020_borneo_02,>=0.40,0.524857,0.004099,/Users/zhoujinghe/Documents/Codex/2026-04-30/new-chat/GFC_Forest_256_10k/A/007031.png,/Users/zhoujinghe/Documents/Codex/2026-04-30/new-chat/GFC_Forest_256_10k/B/007031.png,/Users/zhoujinghe/Documents/Codex/2026-04-30/new-chat/GFC_Forest_256_10k/label/007031.png,,,,,
GFC10K-AUDIT-0480,005657,negative,train,gfc_2018_2020_expansion_se_asia_borneo_03,0.05-0.10,0.060516,0.012607,/Users/zhoujinghe/Documents/Codex/2026-04-30/new-chat/GFC_Forest_256_10k/A/005657.png,/Users/zhoujinghe/Documents/Codex/2026-04-30/new-chat/GFC_Forest_256_10k/B/005657.png,/Users/zhoujinghe/Documents/Codex/2026-04-30/new-chat/GFC_Forest_256_10k/label/005657.png,,,,,
GFC10K-AUDIT-0481,002259,negative,train,gfc_2018_2020_borneo_02,0.10-0.20,0.145752,0.024707,/Users/zhoujinghe/Documents/Codex/2026-04-30/new-chat/GFC_Forest_256_10k/A/002259.png,/Users/zhoujinghe/Documents/Codex/2026-04-30/new-chat/GFC_Forest_256_10k/B/002259.png,/Users/zhoujinghe/Documents/Codex/2026-04-30/new-chat/GFC_Forest_256_10k/label/002259.png,,,,,
GFC10K-AUDIT-0482,004897,negative,train,gfc_2018_2020_expansion_boreal_canada_01,>=0.40,0.501694,0.006539,/Users/zhoujinghe/Documents/Codex/2026-04-30/new-chat/GFC_Forest_256_10k/A/004897.png,/Users/zhoujinghe/Documents/Codex/2026-04-30/new-chat/GFC_Forest_256_10k/B/004897.png,/Users/zhoujinghe/Documents/Codex/2026-04-30/new-chat/GFC_Forest_256_10k/label/004897.png,,,,,
GFC10K-AUDIT-0483,001187,negative,val,gfc_2018_2020_expansion_amazon_bolivia_01,>=0.40,0.401291,0.000342,/Users/zhoujinghe/Documents/Codex/2026-04-30/new-chat/GFC_Forest_256_10k/A/001187.png,/Users/zhoujinghe/Documents/Codex/2026-04-30/new-chat/GFC_Forest_256_10k/B/001187.png,/Users/zhoujinghe/Documents/Codex/2026-04-30/new-chat/GFC_Forest_256_10k/label/001187.png,,,,,
GFC10K-AUDIT-0484,004785,negative,train,gfc_2018_2020_borneo_02,0.20-0.40,0.388992,0.021182,/Users/zhoujinghe/Documents/Codex/2026-04-30/new-chat/GFC_Forest_256_10k/A/004785.png,/Users/zhoujinghe/Documents/Codex/2026-04-30/new-chat/GFC_Forest_256_10k/B/004785.png,/Users/zhoujinghe/Documents/Codex/2026-04-30/new-chat/GFC_Forest_256_10k/label/004785.png,,,,,
GFC10K-AUDIT-0485,003413,negative,train,gfc_2018_2020_expansion_boreal_siberia_01,0.10-0.20,0.101227,0.018239,/Users/zhoujinghe/Documents/Codex/2026-04-30/new-chat/GFC_Forest_256_10k/A/003413.png,/Users/zhoujinghe/Documents/Codex/2026-04-30/new-chat/GFC_Forest_256_10k/B/003413.png,/Users/zhoujinghe/Documents/Codex/2026-04-30/new-chat/GFC_Forest_256_10k/label/003413.png,,,,,
GFC10K-AUDIT-0486,009829,negative,val,gfc_2018_2020_expansion_boreal_canada_01,0.05-0.10,0.065170,0.001873,/Users/zhoujinghe/Documents/Codex/2026-04-30/new-chat/GFC_Forest_256_10k/A/009829.png,/Users/zhoujinghe/Documents/Codex/2026-04-30/new-chat/GFC_Forest_256_10k/B/009829.png,/Users/zhoujinghe/Documents/Codex/2026-04-30/new-chat/GFC_Forest_256_10k/label/009829.png,,,,,
GFC10K-AUDIT-0487,006969,negative,test,gfc_2018_2020_expansion_temperate_china_01,0.05-0.10,0.063614,0.019909,/Users/zhoujinghe/Documents/Codex/2026-04-30/new-chat/GFC_Forest_256_10k/A/006969.png,/Users/zhoujinghe/Documents/Codex/2026-04-30/new-chat/GFC_Forest_256_10k/B/006969.png,/Users/zhoujinghe/Documents/Codex/2026-04-30/new-chat/GFC_Forest_256_10k/label/006969.png,,,,,
GFC10K-AUDIT-0488,008362,negative,test,gfc_2018_2020_expansion_se_asia_borneo_03,0.10-0.20,0.112000,0.016076,/Users/zhoujinghe/Documents/Codex/2026-04-30/new-chat/GFC_Forest_256_10k/A/008362.png,/Users/zhoujinghe/Documents/Codex/2026-04-30/new-chat/GFC_Forest_256_10k/B/008362.png,/Users/zhoujinghe/Documents/Codex/2026-04-30/new-chat/GFC_Forest_256_10k/label/008362.png,,,,,
GFC10K-AUDIT-0489,007313,negative,train,gfc_2018_2020_expansion_amazon_bolivia_01,0.05-0.10,0.096069,0.027160,/Users/zhoujinghe/Documents/Codex/2026-04-30/new-chat/GFC_Forest_256_10k/A/007313.png,/Users/zhoujinghe/Documents/Codex/2026-04-30/new-chat/GFC_Forest_256_10k/B/007313.png,/Users/zhoujinghe/Documents/Codex/2026-04-30/new-chat/GFC_Forest_256_10k/label/007313.png,,,,,
GFC10K-AUDIT-0490,003480,negative,test,gfc_2018_2020_amazon_02,0.05-0.10,0.051544,0.000296,/Users/zhoujinghe/Documents/Codex/2026-04-30/new-chat/GFC_Forest_256_10k/A/003480.png,/Users/zhoujinghe/Documents/Codex/2026-04-30/new-chat/GFC_Forest_256_10k/B/003480.png,/Users/zhoujinghe/Documents/Codex/2026-04-30/new-chat/GFC_Forest_256_10k/label/003480.png,,,,,
GFC10K-AUDIT-0491,006098,negative,test,gfc_2018_2020_expansion_boreal_siberia_01,0.20-0.40,0.214661,0.019121,/Users/zhoujinghe/Documents/Codex/2026-04-30/new-chat/GFC_Forest_256_10k/A/006098.png,/Users/zhoujinghe/Documents/Codex/2026-04-30/new-chat/GFC_Forest_256_10k/B/006098.png,/Users/zhoujinghe/Documents/Codex/2026-04-30/new-chat/GFC_Forest_256_10k/label/006098.png,,,,,
GFC10K-AUDIT-0492,004745,negative,train,gfc_2018_2020_expansion_boreal_canada_01,0.10-0.20,0.105164,0.000000,/Users/zhoujinghe/Documents/Codex/2026-04-30/new-chat/GFC_Forest_256_10k/A/004745.png,/Users/zhoujinghe/Documents/Codex/2026-04-30/new-chat/GFC_Forest_256_10k/B/004745.png,/Users/zhoujinghe/Documents/Codex/2026-04-30/new-chat/GFC_Forest_256_10k/label/004745.png,,,,,
GFC10K-AUDIT-0493,004765,negative,train,gfc_2018_2020_expansion_se_asia_sumatra_02,0.10-0.20,0.171844,0.026727,/Users/zhoujinghe/Documents/Codex/2026-04-30/new-chat/GFC_Forest_256_10k/A/004765.png,/Users/zhoujinghe/Documents/Codex/2026-04-30/new-chat/GFC_Forest_256_10k/B/004765.png,/Users/zhoujinghe/Documents/Codex/2026-04-30/new-chat/GFC_Forest_256_10k/label/004765.png,,,,,
GFC10K-AUDIT-0494,001516,negative,train,gfc_2018_2020_expansion_amazon_guiana_01,0.05-0.10,0.057312,0.016773,/Users/zhoujinghe/Documents/Codex/2026-04-30/new-chat/GFC_Forest_256_10k/A/001516.png,/Users/zhoujinghe/Documents/Codex/2026-04-30/new-chat/GFC_Forest_256_10k/B/001516.png,/Users/zhoujinghe/Documents/Codex/2026-04-30/new-chat/GFC_Forest_256_10k/label/001516.png,,,,,
GFC10K-AUDIT-0495,009854,negative,train,gfc_2018_2020_amazon_01,>=0.40,0.622467,0.025543,/Users/zhoujinghe/Documents/Codex/2026-04-30/new-chat/GFC_Forest_256_10k/A/009854.png,/Users/zhoujinghe/Documents/Codex/2026-04-30/new-chat/GFC_Forest_256_10k/B/009854.png,/Users/zhoujinghe/Documents/Codex/2026-04-30/new-chat/GFC_Forest_256_10k/label/009854.png,,,,,
GFC10K-AUDIT-0496,007383,negative,test,gfc_2018_2020_expansion_central_america_01,0.05-0.10,0.067093,0.000000,/Users/zhoujinghe/Documents/Codex/2026-04-30/new-chat/GFC_Forest_256_10k/A/007383.png,/Users/zhoujinghe/Documents/Codex/2026-04-30/new-chat/GFC_Forest_256_10k/B/007383.png,/Users/zhoujinghe/Documents/Codex/2026-04-30/new-chat/GFC_Forest_256_10k/label/007383.png,,,,,
GFC10K-AUDIT-0497,004113,negative,train,gfc_2018_2020_expansion_mexico_yucatan_01,0.05-0.10,0.086716,0.000880,/Users/zhoujinghe/Documents/Codex/2026-04-30/new-chat/GFC_Forest_256_10k/A/004113.png,/Users/zhoujinghe/Documents/Codex/2026-04-30/new-chat/GFC_Forest_256_10k/B/004113.png,/Users/zhoujinghe/Documents/Codex/2026-04-30/new-chat/GFC_Forest_256_10k/label/004113.png,,,,,
GFC10K-AUDIT-0498,001825,negative,test,gfc_2018_2020_expansion_boreal_siberia_01,0.10-0.20,0.156647,0.018118,/Users/zhoujinghe/Documents/Codex/2026-04-30/new-chat/GFC_Forest_256_10k/A/001825.png,/Users/zhoujinghe/Documents/Codex/2026-04-30/new-chat/GFC_Forest_256_10k/B/001825.png,/Users/zhoujinghe/Documents/Codex/2026-04-30/new-chat/GFC_Forest_256_10k/label/001825.png,,,,,
GFC10K-AUDIT-0499,005491,negative,val,gfc_2018_2020_expansion_temperate_china_01,0.05-0.10,0.053436,0.017704,/Users/zhoujinghe/Documents/Codex/2026-04-30/new-chat/GFC_Forest_256_10k/A/005491.png,/Users/zhoujinghe/Documents/Codex/2026-04-30/new-chat/GFC_Forest_256_10k/B/005491.png,/Users/zhoujinghe/Documents/Codex/2026-04-30/new-chat/GFC_Forest_256_10k/label/005491.png,,,,,
GFC10K-AUDIT-0500,005221,negative,train,gfc_2018_2020_expansion_se_asia_sumatra_02,0.20-0.40,0.325073,0.010937,/Users/zhoujinghe/Documents/Codex/2026-04-30/new-chat/GFC_Forest_256_10k/A/005221.png,/Users/zhoujinghe/Documents/Codex/2026-04-30/new-chat/GFC_Forest_256_10k/B/005221.png,/Users/zhoujinghe/Documents/Codex/2026-04-30/new-chat/GFC_Forest_256_10k/label/005221.png,,,,,
